id,nba_api_id,first_name,last_name,display_name,birth_date,height_inches,weight_lbs,draft_year,bball_ref_id,position,team_id,status,is_active
7,1630173,Precious,Achiuwa,Precious Achiuwa,1999-09-19,80,243,2020,achiupr01,Forward,25,active,true
8,203500,Steven,Adams,Steven Adams,1993-07-20,83,265,2013,adamsst01,Center,12,active,true
9,1628389,Bam,Adebayo,Bam Adebayo,1997-07-18,81,255,2017,adebaba01,Center-Forward,15,active,true
10,1630534,Ochai,Agbaji,Ochai Agbaji,2000-04-20,77,215,2022,agbajoc01,Guard,18,active,true
11,1630583,Santi,Aldama,Santi Aldama,2001-01-10,84,215,2021,aldamsa01,Forward-Center,30,active,true
12,1641725,Trey,Alexander,Trey Alexander,2003-05-02,77,185,Undrafted,alexatr01,Guard,7,active,true
13,1629638,Nickeil,Alexander-Walker,Nickeil Alexander-Walker,1998-09-02,77,205,2019,alexani01,Guard,4,active,true
14,1628960,Grayson,Allen,Grayson Allen,1995-10-08,75,198,2018,allengr01,Guard,23,active,true
15,1628386,Jarrett,Allen,Jarrett Allen,1998-04-21,81,243,2017,allenja01,Center,6,active,true
16,1630631,Jose,Alvarado,Jose Alvarado,1998-04-12,72,179,Undrafted,alvarjo01,Guard,19,active,true
17,203937,Kyle,Anderson,Kyle Anderson,1993-09-20,80,230,2014,anderky01,Forward-Guard,17,active,true
18,1630828,Alex,Antetokounmpo,Alex Antetokounmpo,2001-08-27,80,214,Undrafted,antetal01,Forward,16,active,true
19,203507,Giannis,Antetokounmpo,Giannis Antetokounmpo,1994-12-06,83,243,2013,antetgi01,Forward,16,active,true
20,203648,Thanasis,Antetokounmpo,Thanasis Antetokounmpo,1992-07-18,79,219,2014,antetth01,Forward,16,active,true
21,1630175,Cole,Anthony,Cole Anthony,2000-05-15,74,185,2020,anthoco01,Guard,,active,true
22,1628384,OG,Anunoby,OG Anunoby,1997-07-17,79,240,2017,anunoog01,Forward-Guard,19,active,true
23,1630166,Deni,Avdija,Deni Avdija,2001-01-03,80,228,2020,avdijde01,Forward,24,active,true
24,1629028,Deandre,Ayton,Deandre Ayton,1998-07-23,84,252,2018,aytonde01,Center,14,active,true
25,1628963,Marvin,Bagley III,Marvin Bagley III,1999-03-14,82,235,2018,baglema01,Forward,9,active,true
26,1642846,Ace,Bailey,Ace Bailey,2006-08-13,81,200,2025,baileac01,Forward,29,active,true
27,1630163,LaMelo,Ball,LaMelo Ball,2001-08-22,79,180,2020,ballla01,Guard,33,active,true
28,1628366,Lonzo,Ball,Lonzo Ball,1997-10-27,77,190,2017,balllo01,Guard,,active,true
29,1631094,Paolo,Banchero,Paolo Banchero,2002-11-12,82,250,2022,banchpa01,Forward,20,active,true
30,1630217,Desmond,Bane,Desmond Bane,1998-06-25,78,215,2020,banede01,Guard,20,active,true
31,1631230,Dominick,Barlow,Dominick Barlow,2003-05-26,81,224,Undrafted,barlodo01,Forward,22,active,true
32,203084,Harrison,Barnes,Harrison Barnes,1992-05-30,79,225,2012,barneha02,Forward,26,active,true
33,1630567,Scottie,Barnes,Scottie Barnes,2001-08-01,80,237,2021,barnesc01,Forward-Guard,28,active,true
34,1642964,Brooks,Barnhizer,Brooks Barnhizer,2002-03-02,77,230,2025,barnhbr01,Guard,27,active,true
35,1629628,RJ,Barrett,RJ Barrett,2000-06-14,78,214,2019,barrerj01,Forward-Guard,28,active,true
36,1629646,Charles,Bassey,Charles Bassey,2000-10-28,82,230,2021,bassech01,Center-Forward,11,active,true
37,1642419,Jamison,Battle,Jamison Battle,2001-05-10,79,220,Undrafted,battlja01,Forward,28,active,true
38,201587,Nicolas,Batum,Nicolas Batum,1988-12-14,79,230,2008,batumni01,Guard-Forward,13,active,true
39,203078,Bradley,Beal,Bradley Beal,1993-06-28,76,207,2012,bealbr01,Guard,13,active,true
40,1642866,Joan,Beringer,Joan Beringer,2006-11-11,83,230,2025,berinjo01,Forward,17,active,true
41,1630180,Saddiq,Bey,Saddiq Bey,1999-04-09,80,215,2020,beysa01,Guard-Forward,7,active,true
42,1629048,Goga,Bitadze,Goga Bitadze,1999-07-20,83,250,2019,bitadgo01,Center-Forward,20,active,true
43,202687,Bismack,Biyombo,Bismack Biyombo,1992-08-28,80,255,2011,biyombi01,Center,26,active,true
44,1641710,Anthony,Black,Anthony Black,2004-01-20,79,200,2023,blackan01,Guard,20,active,true
45,203992,Bogdan,Bogdanović,Bogdan Bogdanović,1992-08-18,77,225,2014,bogdabo01,Guard,13,active,true
46,1641737,Adem,Bona,Adem Bona,2003-03-28,82,235,2024,bonaad01,Forward,22,active,true
47,1626164,Devin,Booker,Devin Booker,1996-10-30,77,206,2015,bookede01,Guard,23,active,true
48,1628449,Chris,Boucher,Chris Boucher,1993-01-11,80,200,Undrafted,bouchch01,Forward,,active,true
49,1628396,Tony,Bradley,Tony Bradley,1998-01-08,82,248,2017,bradlto01,Center-Forward,4,active,true
50,1631103,Malaki,Branham,Malaki Branham,2003-05-12,76,180,2022,branhma01,Forward,,active,true
51,1631128,Christian,Braun,Christian Braun,2001-04-17,78,220,2022,braunch01,Guard,10,active,true
52,1642886,Koby,Brea,Koby Brea,2002-11-06,77,215,2025,breako01,Guard,23,active,true
53,1628969,Mikal,Bridges,Mikal Bridges,1996-08-30,78,209,2018,bridgmi01,Guard-Forward,19,active,true
54,1628970,Miles,Bridges,Miles Bridges,1998-03-21,79,225,2018,bridgmi02,Forward,33,active,true
55,1628415,Dillon,Brooks,Dillon Brooks,1996-01-22,79,225,2017,brookdi01,Guard-Forward,23,active,true
56,1641780,Johni,Broome,Johni Broome,2002-07-19,81,244,2025,broomjo01,Forward,22,active,true
57,1628971,Bruce,Brown,Bruce Brown,1996-08-15,76,202,2018,brownbr01,Guard-Forward,10,active,true
58,1627759,Jaylen,Brown,Jaylen Brown,1996-10-24,78,223,2016,brownja02,Guard-Forward,5,active,true
59,1641738,Kobe,Brown,Kobe Brown,2000-01-01,79,250,2023,brownko01,Forward,21,active,true
60,1628973,Jalen,Brunson,Jalen Brunson,1996-08-31,74,190,2018,brunsja01,Guard,19,active,true
61,1642868,Carter,Bryant,Carter Bryant,2005-11-26,78,220,2025,bryanca01,Forward,26,active,true
62,1628418,Thomas,Bryant,Thomas Bryant,1997-07-31,81,248,2017,bryanth01,Center-Forward,6,active,true
63,202710,Jimmy,Butler III,Jimmy Butler III,1989-09-14,78,230,2011,butleji01,Forward,11,active,true
64,1641824,Matas,Buzelis,Matas Buzelis,2004-10-13,80,196,2024,buzelma01,Forward,8,active,true
65,1631288,Jamal,Cain,Jamal Cain,1999-03-20,79,191,Undrafted,cainja01,Forward,20,active,true
66,203484,Kentavious,Caldwell-Pope,Kentavious Caldwell-Pope,1993-02-18,77,204,2013,caldwke01,Guard,30,active,true
67,1641739,Toumani,Camara,Toumani Camara,2000-05-08,79,230,2023,camarto01,Forward,24,active,true
68,203991,Clint,Capela,Clint Capela,1994-05-18,82,256,2014,capelca01,Center,12,active,true
69,1642928,Dylan,Cardwell,Dylan Cardwell,2001-12-16,82,255,Undrafted,cardwdy01,Center,25,active,true
70,1642382,Branden,Carlson,Branden Carlson,1999-06-14,84,220,Undrafted,carlsbr01,Center,27,active,true
71,1642267,Bub,Carrington,Bub Carrington,2005-07-21,76,190,2024,carrica01,Guard,31,active,true
72,1642269,Devin,Carter,Devin Carter,2002-03-18,74,195,2024,cartede02,Guard,25,active,true
73,1628975,Jevon,Carter,Jevon Carter,1995-09-14,72,190,2018,carteje01,Guard,20,active,true
74,1628976,Wendell,Carter Jr.,Wendell Carter Jr.,1999-04-16,82,270,2018,cartewe01,Center-Forward,20,active,true
75,1627936,Alex,Caruso,Alex Caruso,1994-02-28,77,186,Undrafted,carusal01,Guard,27,active,true
76,1642264,Stephon,Castle,Stephon Castle,2004-11-01,78,215,2024,castlst01,Guard,26,active,true
77,1630658,Colin,Castleton,Colin Castleton,2000-05-25,82,250,Undrafted,castlco01,Center,20,active,true
78,1630577,Julian,Champagnie,Julian Champagnie,2001-06-29,79,217,Undrafted,champju02,Forward,26,active,true
79,1630551,Justin,Champagnie,Justin Champagnie,2001-06-29,78,206,Undrafted,champju01,Guard-Forward,31,active,true
80,1642353,Cam,Christie,Cam Christie,2005-07-24,77,190,2024,chrisca02,Guard,13,active,true
81,1631108,Max,Christie,Max Christie,2003-02-10,77,190,2022,chrisma02,Guard,9,active,true
82,1630619,Moussa,Cisse,Moussa Cisse,2002-09-10,83,220,Undrafted,cissemo01,Center,9,active,true
83,1631321,Sidy,Cissoko,Sidy Cissoko,2004-04-02,78,220,2023,cissosi01,Guard,24,active,true
84,1641740,Jaylen,Clark,Jaylen Clark,2001-10-13,77,205,2023,clarkja02,Guard,17,active,true
85,1629634,Brandon,Clarke,Brandon Clarke,1996-09-19,80,215,2019,clarkbr01,Forward,30,active,true
86,203903,Jordan,Clarkson,Jordan Clarkson,1992-06-07,77,194,2014,clarkjo01,Guard,19,active,true
87,1629651,Nic,Claxton,Nic Claxton,1999-04-17,83,215,2019,claxtni01,Center,18,active,true
88,1642383,Walter,Clayton Jr.,Walter Clayton Jr.,2003-03-06,76,195,2025,claytwa01,Guard,30,active,true
89,1642363,Nique,Clifford,Nique Clifford,2002-02-09,77,175,2025,cliffni01,Guard,25,active,true
90,1642270,Donovan,Clingan,Donovan Clingan,2004-02-23,86,280,2024,clingdo01,Center,24,active,true
91,1641730,Noah,Clowney,Noah Clowney,2004-07-14,82,210,2023,clownno01,Forward-Center,18,active,true
92,1629599,Amir,Coffey,Amir Coffey,1997-06-17,79,210,Undrafted,coffeam01,Guard-Forward,23,active,true
93,1642268,Isaiah,Collier,Isaiah Collier,2004-10-08,76,210,2024,colliis01,Guard,29,active,true
94,1628381,John,Collins,John Collins,1997-09-23,81,226,2017,collijo01,Forward-Center,13,active,true
95,1628380,Zach,Collins,Zach Collins,1997-11-19,81,240,2017,colliza01,Forward-Center,8,active,true
96,201144,Mike,Conley,Mike Conley,1987-10-11,73,175,2007,conlemi01,Guard,17,active,true
97,1626192,Pat,Connaughton,Pat Connaughton,1993-01-06,77,209,2015,connapa01,Guard,33,active,true
98,1631451,Javonte,Cooke,Javonte Cooke,1999-07-11,78,185,Undrafted,cookeja01,Guard,,active,true
99,1630536,Sharife,Cooper,Sharife Cooper,2001-06-11,72,176,2021,coopesh01,Guard,31,active,true
100,1641731,Bilal,Coulibaly,Bilal Coulibaly,2004-07-26,79,195,2023,coulibi01,Guard,31,active,true
101,1642907,Cedric,Coward,Cedric Coward,2003-09-11,77,206,2025,cowarce01,Guard,30,active,true
102,1642384,Isaiah,Crawford,Isaiah Crawford,2001-11-01,78,220,Undrafted,crawfis01,Forward,12,active,true
103,1630595,Cade,Cunningham,Cade Cunningham,2001-09-25,78,220,2021,cunnica01,Guard,32,active,true
104,201939,Stephen,Curry,Stephen Curry,1988-03-14,74,185,2009,curryst01,Guard,11,active,true
105,1642359,Pacôme,Dadiet,Pacôme Dadiet,2005-07-27,81,210,2024,dadiepa01,Forward,19,active,true
106,1630700,Dyson,Daniels,Dyson Daniels,2003-03-17,79,199,2022,daniedy01,Guard,4,active,true
107,1642368,N'Faly,Dante,N'Faly Dante,2001-10-19,83,230,Undrafted,nfalyda01,Center,,active,true
108,203076,Anthony,Davis,Anthony Davis,1993-03-11,82,253,2012,davisan02,Forward-Center,31,active,true
109,1631120,JD,Davison,JD Davison,2002-10-03,73,195,2022,davisjd01,Guard,12,active,true
110,201942,DeMar,DeRozan,DeMar DeRozan,1989-08-07,78,220,2009,derozde01,Guard-Forward,25,active,true
111,1642484,RayJ,Dennis,RayJ Dennis,2001-03-30,73,180,Undrafted,dennira01,Guard,4,active,true
112,1628978,Donte,DiVincenzo,Donte DiVincenzo,1997-01-31,76,203,2018,divindo01,Guard,17,active,true
113,1631217,Moussa,Diabaté,Moussa Diabaté,2002-01-21,82,210,2022,diabamo01,Forward,33,active,true
114,1642885,Mohamed,Diawara,Mohamed Diawara,2005-04-29,81,225,2025,diawamo01,Forward,19,active,true
115,1641711,Gradey,Dick,Gradey Dick,2003-11-20,79,200,2023,dickgr01,Guard-Forward,28,active,true
116,1630621,Hunter,Dickinson,Hunter Dickinson,2000-11-25,85,255,Undrafted,dickihu01,Center,7,active,true
117,1631172,Ousmane,Dieng,Ousmane Dieng,2003-05-21,81,185,2022,diengou01,Forward,16,active,true
118,1642265,Rob,Dillingham,Rob Dillingham,2005-01-04,74,175,2024,dilliro01,Guard,8,active,true
119,1629029,Luka,Dončić,Luka Dončić,1999-02-28,80,230,2018,doncilu01,Forward-Guard,14,active,true
120,1629652,Luguentz,Dort,Luguentz Dort,1999-04-19,76,220,Undrafted,dortlu01,Guard,27,active,true
121,1630245,Ayo,Dosunmu,Ayo Dosunmu,2000-01-17,76,201,2021,dosunay01,Guard,17,active,true
122,203083,Andre,Drummond,Andre Drummond,1993-08-10,83,279,2012,drumman01,Center,22,active,true
123,1627739,Kris,Dunn,Kris Dunn,1994-03-18,75,205,2016,dunnkr01,Guard,13,active,true
124,1642346,Ryan,Dunn,Ryan Dunn,2003-01-07,79,216,2024,dunnry01,Forward,23,active,true
125,201142,Kevin,Durant,Kevin Durant,1988-09-29,83,240,2007,duranke01,Forward,12,active,true
126,1631105,Jalen,Duren,Jalen Duren,2003-11-18,82,250,2022,durenja01,Center,32,active,true
127,1642856,Egor,Dëmin,Egor Dëmin,2006-03-03,80,200,2025,demineg01,Guard,18,active,true
128,1631106,Tari,Eason,Tari Eason,2001-05-10,80,215,2022,easonta01,Forward,12,active,true
129,1641744,Zach,Edey,Zach Edey,2002-05-14,87,305,2024,edeyza01,Center,30,active,true
130,1642845,VJ,Edgecombe,VJ Edgecombe,2005-07-30,76,190,2025,edgecvj01,Guard,22,active,true
131,1630162,Anthony,Edwards,Anthony Edwards,2001-08-05,76,225,2020,edwaran01,Guard,17,active,true
132,1642348,Justin,Edwards,Justin Edwards,2003-12-16,79,217,Undrafted,edwarju01,Forward,22,active,true
133,1631165,Keon,Ellis,Keon Ellis,2000-01-08,76,175,Undrafted,elliske01,Guard,6,active,true
134,203954,Joel,Embiid,Joel Embiid,1994-03-16,84,270,2014,embiijo01,Center-Forward,22,active,true
135,1642855,Noa,Essengue,Noa Essengue,2006-12-18,80,194,2025,essenno01,Forward,8,active,true
136,1630623,Tyson,Etienne,Tyson Etienne,1999-09-17,72,200,Undrafted,etienty01,Guard,18,active,true
137,1629234,Drew,Eubanks,Drew Eubanks,1997-02-01,82,245,Undrafted,eubandr01,Forward-Center,25,active,true
138,1641787,Tosan,Evbuomwan,Tosan Evbuomwan,2001-02-16,80,217,Undrafted,evbuoto01,Forward,33,active,true
139,203957,Dante,Exum,Dante Exum,1995-07-13,77,214,2014,exumda01,Guard,9,active,true
140,1642847,Jeremiah,Fears,Jeremiah Fears,2006-10-14,75,190,2025,fearsje01,Guard,7,active,true
141,1642271,Kyle,Filipowski,Kyle Filipowski,2003-11-07,83,250,2024,filipky01,Center,29,active,true
142,1627827,Dorian,Finney-Smith,Dorian Finney-Smith,1993-05-04,79,220,Undrafted,finnedo01,Forward,12,active,true
143,1642843,Cooper,Flagg,Cooper Flagg,2006-12-21,81,205,2025,flaggco01,Forward,9,active,true
144,1642853,Rasheer,Fleming,Rasheer Fleming,2004-07-10,81,240,2025,flemira01,Forward,23,active,true
145,1642280,Trentyn,Flowers,Trentyn Flowers,2005-03-08,81,185,Undrafted,flowetr01,Forward,,active,true
146,1631323,Simone,Fontecchio,Simone Fontecchio,1995-12-09,79,209,Undrafted,fontesi01,Forward,15,active,true
147,1628368,De'Aaron,Fox,De'Aaron Fox,1997-12-20,75,185,2017,foxde01,Guard,26,active,true
148,1642402,Enrique,Freeman,Enrique Freeman,2000-07-29,81,220,2024,freemen01,Forward,17,active,true
149,1642277,Johnny,Furphy,Johnny Furphy,2004-12-08,80,200,2024,furphjo01,Guard,21,active,true
150,1629655,Daniel,Gafford,Daniel Gafford,1998-10-01,82,265,2019,gaffoda01,Forward-Center,9,active,true
151,1642066,Myron,Gardner,Myron Gardner,2001-05-21,77,220,Undrafted,gardnmy01,Forward,15,active,true
152,1629636,Darius,Garland,Darius Garland,2000-01-26,73,192,2019,garlada01,Guard,13,active,true
153,1630568,Luka,Garza,Luka Garza,1998-12-27,82,243,2021,garzalu01,Center,5,active,true
154,1641718,Keyonte,George,Keyonte George,2003-11-08,76,185,2023,georgke01,Guard,29,active,true
155,1642273,Kyshawn,George,Kyshawn George,2003-12-12,80,200,2024,georgky01,Forward,31,active,true
156,202331,Paul,George,Paul George,1990-05-02,80,230,2010,georgpa01,Forward,22,active,true
157,1630581,Josh,Giddey,Josh Giddey,2002-10-10,79,214,2021,giddejo01,Guard,8,active,true
158,1628983,Shai,Gilgeous-Alexander,Shai Gilgeous-Alexander,1998-07-12,78,195,2018,gilgesh01,Guard,27,active,true
159,1630264,Anthony,Gill,Anthony Gill,1992-10-17,79,230,Undrafted,gillan01,Forward,31,active,true
160,1631221,Collin,Gillespie,Collin Gillespie,1999-06-25,73,195,Undrafted,gilleco01,Guard,23,active,true
161,203497,Rudy,Gobert,Rudy Gobert,1992-06-26,85,258,2013,goberru01,Center,17,active,true
162,1642884,Vladislav,Goldin,Vladislav Goldin,2001-05-12,84,250,Undrafted,goldivl01,Center,15,active,true
163,1642864,Hugo,González,Hugo González,2006-02-05,78,200,2025,gonzahu01,Guard,5,active,true
164,1630692,Jordan,Goodwin,Jordan Goodwin,1998-10-23,75,215,Undrafted,goodwjo01,Guard,23,active,true
165,203932,Aaron,Gordon,Aaron Gordon,1995-09-16,80,235,2014,gordoaa01,Forward,10,active,true
166,201569,Eric,Gordon,Eric Gordon,1988-12-25,75,215,2008,gordoer01,Guard,,active,true
167,203924,Jerami,Grant,Jerami Grant,1994-03-12,79,213,2014,grantje01,Forward,24,active,true
168,1631260,AJ,Green,AJ Green,1999-09-27,76,190,Undrafted,greenaj01,Guard,16,active,true
169,203110,Draymond,Green,Draymond Green,1990-03-04,78,230,2012,greendr01,Forward,11,active,true
170,1630224,Jalen,Green,Jalen Green,2002-02-09,76,186,2021,greenja05,Guard,23,active,true
171,1629750,Javonte,Green,Javonte Green,1993-07-23,77,205,Undrafted,greenja02,Guard,32,active,true
172,201145,Jeff,Green,Jeff Green,1986-08-28,80,235,2007,greenje02,Forward,12,active,true
173,1630182,Josh,Green,Josh Green,2000-11-16,78,200,2020,greenjo02,Guard,33,active,true
174,1629656,Quentin,Grimes,Quentin Grimes,2000-05-08,77,207,2021,grimequ01,Guard,22,active,true
175,1631243,Mouhamed,Gueye,Mouhamed Gueye,2002-11-09,83,210,2023,gueyemo02,Forward,4,active,true
176,1629060,Rui,Hachimura,Rui Hachimura,1998-02-08,80,230,2019,hachiru01,Forward,14,active,true
177,1630169,Tyrese,Haliburton,Tyrese Haliburton,2000-02-29,77,185,2020,halibty01,Guard,21,active,true
178,1641790,PJ,Hall,PJ Hall,2002-02-21,80,245,Undrafted,hallpj01,Center,33,active,true
179,203501,Tim,Hardaway Jr.,Tim Hardaway Jr.,1992-03-16,77,205,2013,hardati02,Guard-Forward,10,active,true
180,201935,James,Harden,James Harden,1989-08-26,77,220,2009,hardeja01,Guard,6,active,true
181,1630702,Jaden,Hardy,Jaden Hardy,2002-07-05,75,198,2022,hardyja02,Guard,31,active,true
182,1641989,Elijah,Harkless,Elijah Harkless,2000-02-03,75,195,Undrafted,harklej01,Guard,29,active,true
183,1642844,Dylan,Harper,Dylan Harper,2006-03-02,77,215,2025,harpedy01,Guard,26,active,true
184,1631199,Ron,Harper Jr.,Ron Harper Jr.,2000-04-12,77,233,Undrafted,harpero02,Guard-Forward,5,active,true
185,203914,Gary,Harris,Gary Harris,1994-09-14,76,210,2014,harriga01,Guard,16,active,true
186,1630284,Kevon,Harris,Kevon Harris,1997-06-24,77,216,Undrafted,harrike01,Guard,20,active,true
187,202699,Tobias,Harris,Tobias Harris,1992-07-15,80,226,2011,harrito02,Forward,32,active,true
188,1628404,Josh,Hart,Josh Hart,1995-03-06,77,215,2017,hartjo01,Guard,19,active,true
189,1628392,Isaiah,Hartenstein,Isaiah Hartenstein,1998-05-05,84,250,2017,harteis01,Center-Forward,27,active,true
190,1630573,Sam,Hauser,Sam Hauser,1997-12-08,79,217,Undrafted,hausesa01,Forward,5,active,true
191,1641722,Jordan,Hawkins,Jordan Hawkins,2002-04-29,77,190,2023,hawkijo01,Guard,7,active,true
192,1629637,Jaxson,Hayes,Jaxson Hayes,2000-05-23,84,220,2019,hayesja02,Center-Forward,14,active,true
193,1628502,Nigel,Hayes-Davis,Nigel Hayes-Davis,1994-12-16,79,254,Undrafted,hayesni01,Forward,,active,true
194,1630703,Scoot,Henderson,Scoot Henderson,2004-02-03,75,207,2023,hendesc01,Guard,24,active,true
195,1641707,Taylor,Hendricks,Taylor Hendricks,2003-11-22,81,215,2023,hendrta01,Forward,30,active,true
196,1642935,Chucky,Hepburn,Chucky Hepburn,2003-02-09,72,190,Undrafted,hepbuch01,Guard,28,active,true
197,1629639,Tyler,Herro,Tyler Herro,2000-01-20,77,195,2019,herroty01,Guard,15,active,true
198,1627741,Buddy,Hield,Buddy Hield,1992-12-17,76,220,2016,hieldbu01,Guard,4,active,true
199,1629312,Haywood,Highsmith,Haywood Highsmith,1996-12-09,77,220,2018,highsha01,Forward,23,active,true
200,1628988,Aaron,Holiday,Aaron Holiday,1996-09-30,72,185,2018,holidaa01,Guard,12,active,true
201,201950,Jrue,Holiday,Jrue Holiday,1990-06-12,76,220,2009,holidjr01,Guard,24,active,true
202,1641842,Ronald,Holland II,Ronald Holland II,2005-07-07,80,206,2024,hollaro01,Forward,32,active,true
203,1641747,DaRon,Holmes II,DaRon Holmes II,2002-08-15,81,225,2024,holmeda01,Forward,10,active,true
204,1631096,Chet,Holmgren,Chet Holmgren,2002-05-01,85,208,2022,holmgch01,Center-Forward,27,active,true
205,201143,Al,Horford,Al Horford,1986-06-03,80,240,2007,horfoal01,Center-Forward,11,active,true
206,1631216,Caleb,Houstan,Caleb Houstan,2003-01-09,80,205,2022,houstca01,Guard,,active,true
207,1641724,Jett,Howard,Jett Howard,2003-09-14,80,215,2023,howarje01,Guard,20,active,true
208,1628989,Kevin,Huerter,Kevin Huerter,1998-08-27,78,190,2018,huertke01,Guard-Forward,32,active,true
209,1630643,Jay,Huff,Jay Huff,1997-08-25,85,240,Undrafted,huffja01,Center,21,active,true
210,1630574,Ariel,Hukporti,Ariel Hukporti,2002-04-12,84,246,2024,hukpoar01,Center,19,active,true
211,1629631,De'Andre,Hunter,De'Andre Hunter,1997-12-02,79,221,2019,huntede01,Forward-Guard,25,active,true
212,1643047,CJ,Huntley,CJ Huntley,2002-01-06,83,230,Undrafted,huntlcj01,Forward,23,active,true
213,1630538,Bones,Hyland,Bones Hyland,2000-09-14,74,169,2021,hylanbo01,Guard,17,active,true
214,1642345,Oso,Ighodaro,Oso Ighodaro,2002-07-14,83,235,2024,ighodos01,Forward,23,active,true
215,204060,Joe,Ingles,Joe Ingles,1987-10-02,80,220,Undrafted,inglejo01,Forward-Guard,17,active,true
216,1627742,Brandon,Ingram,Brandon Ingram,1997-09-02,80,190,2016,ingrabr01,Forward,28,active,true
217,1631127,Harrison,Ingram,Harrison Ingram,2002-11-27,77,230,2024,ingraha01,Forward,26,active,true
218,202681,Kyrie,Irving,Kyrie Irving,1992-03-23,74,195,2011,irvinky01,Guard,9,active,true
219,1628371,Jonathan,Isaac,Jonathan Isaac,1997-10-03,82,230,2017,isaacjo01,Forward,20,active,true
220,1631093,Jaden,Ivey,Jaden Ivey,2002-02-13,75,195,2022,iveyja01,Guard,,active,true
221,1641713,GG,Jackson,GG Jackson,2004-12-17,81,210,2023,jacksgg01,Forward,30,active,true
222,1630543,Isaiah,Jackson,Isaiah Jackson,2002-01-10,80,205,2021,jacksis01,Forward,13,active,true
223,1631245,Quenton,Jackson,Quenton Jackson,1998-09-15,76,173,Undrafted,jacksqu01,Guard,21,active,true
224,1641748,Andre,Jackson Jr.,Andre Jackson Jr.,2001-11-13,78,209,2023,jacksan01,Guard,16,active,true
225,1628991,Jaren,Jackson Jr.,Jaren Jackson Jr.,1999-09-15,82,242,2018,jacksja02,Forward-Center,29,active,true
226,1631218,Trayce,Jackson-Davis,Trayce Jackson-Davis,2000-02-22,81,245,2023,jackstr02,Forward,28,active,true
227,1642857,Kasparas,Jakučionis,Kasparas Jakučionis,2006-05-29,77,200,2025,jakucka01,Guard,15,active,true
228,1642355,Bronny,James,Bronny James,2004-10-06,74,210,2024,jamesbr02,Guard,14,active,true
229,2544,LeBron,James,LeBron James,1984-12-30,81,250,2003,jamesle01,Forward,14,active,true
230,1642883,Sion,James,Sion James,2002-12-04,77,220,2025,jamessi01,Guard,33,active,true
231,1631170,Jaime,Jaquez Jr.,Jaime Jaquez Jr.,2001-02-18,78,225,2023,jaqueja01,Guard,15,active,true
232,1641998,Trey,Jemison III,Trey Jemison III,1999-11-28,82,270,Undrafted,jemistr01,Center,19,active,true
233,1642450,Daniss,Jenkins,Daniss Jenkins,2001-08-17,76,165,Undrafted,jenkida01,Guard,32,active,true
234,1629660,Ty,Jerome,Ty Jerome,1997-07-08,77,195,2019,jeromty01,Guard-Forward,30,active,true
235,1630198,Isaiah,Joe,Isaiah Joe,1999-07-02,76,165,2020,joeis01,Guard,27,active,true
236,1642358,AJ,Johnson,AJ Johnson,2004-12-01,77,160,2024,johnsaj01,Guard,9,active,true
237,1629661,Cameron,Johnson,Cameron Johnson,1996-03-03,80,210,2019,johnsca02,Forward,10,active,true
238,1630552,Jalen,Johnson,Jalen Johnson,2001-12-18,80,219,2021,johnsja05,Forward,4,active,true
239,1629640,Keldon,Johnson,Keldon Johnson,1999-10-11,78,220,2019,johnske04,Forward-Guard,26,active,true
240,1642352,Keshad,Johnson,Keshad Johnson,2001-06-23,78,225,Undrafted,johnske10,Forward,15,active,true
241,1642848,Tre,Johnson,Tre Johnson,2006-03-07,77,190,2025,johnstr03,Guard,31,active,true
242,203999,Nikola,Jokić,Nikola Jokić,1995-02-19,83,284,2014,jokicni01,Center,10,active,true
243,1641732,Colby,Jones,Colby Jones,2002-05-28,78,207,2023,jonesco02,Guard,,active,true
244,1642938,Curtis,Jones,Curtis Jones,2001-10-04,75,195,Undrafted,jonescu01,Guard,10,active,true
245,1630529,Herbert,Jones,Herbert Jones,1998-10-06,79,206,2021,joneshe01,Forward,7,active,true
246,1642403,Isaac,Jones,Isaac Jones,2000-07-11,80,245,Undrafted,jonesis01,Forward,32,active,true
247,1642880,Kam,Jones,Kam Jones,2002-02-25,76,200,2025,joneska03,Guard,21,active,true
248,1642461,Spencer,Jones,Spencer Jones,2001-06-14,79,225,Undrafted,jonessp01,Forward,10,active,true
249,1630200,Tre,Jones,Tre Jones,2000-01-08,73,190,2020,jonestr01,Guard,8,active,true
250,1626145,Tyus,Jones,Tyus Jones,1996-05-10,72,196,2015,jonesty01,Guard,10,active,true
251,1642357,David,Jones Garcia,David Jones Garcia,2001-11-24,76,210,Undrafted,jonesda06,Guard,26,active,true
252,1627884,Derrick,Jones Jr.,Derrick Jones Jr.,1997-02-15,78,210,Undrafted,jonesde02,Forward,13,active,true
253,201599,DeAndre,Jordan,DeAndre Jordan,1988-07-21,83,265,2008,jordade01,Center,7,active,true
254,1631107,Nikola,Jović,Nikola Jović,2003-06-09,82,205,2022,jovicni01,Forward,15,active,true
255,1630548,Johnny,Juzang,Johnny Juzang,2001-03-17,79,226,Undrafted,juzanjo01,Guard,,active,true
256,1641750,Ryan,Kalkbrenner,Ryan Kalkbrenner,2002-01-17,85,256,2025,kalkbry01,Center,33,active,true
257,1642939,Miles,Kelly,Miles Kelly,2003-01-26,76,190,Undrafted,kellymi02,Guard,,active,true
258,1628379,Luke,Kennard,Luke Kennard,1996-06-24,77,206,2017,kennalu01,Guard,14,active,true
259,1631117,Walker,Kessler,Walker Kessler,2001-07-26,86,245,2022,kesslwa01,Center,29,active,true
260,1630557,Corey,Kispert,Corey Kispert,1999-03-03,78,224,2021,kispeco01,Forward,4,active,true
261,1628467,Maxi,Kleber,Maxi Kleber,1992-01-29,82,240,Undrafted,klebima01,Forward,14,active,true
262,1641752,Bobi,Klintman,Bobi Klintman,2003-03-06,81,225,2024,klintbo01,Forward,,active,true
263,1642261,Dalton,Knecht,Dalton Knecht,2001-04-19,78,215,2024,knechda01,Forward,14,active,true
264,1642851,Kon,Knueppel,Kon Knueppel,2005-08-03,78,215,2025,knuepko01,Guard-Forward,33,active,true
265,1642278,Tyler,Kolek,Tyler Kolek,2001-03-27,74,195,2024,kolekty01,Guard,19,active,true
266,1631132,Christian,Koloko,Christian Koloko,2000-06-20,83,225,2022,kolokch01,Center,4,active,true
267,1629723,John,Konchar,John Konchar,1996-03-22,77,210,Undrafted,konchjo01,Guard,29,active,true
268,1628436,Luke,Kornet,Luke Kornet,1995-07-15,85,250,Undrafted,kornelu01,Center-Forward,26,active,true
269,1630249,Vít,Krejčí,Vít Krejčí,2000-06-19,80,195,2020,krejcvi01,Guard,24,active,true
270,1630228,Jonathan,Kuminga,Jonathan Kuminga,2002-10-06,79,225,2021,kuminjo01,Forward,4,active,true
271,1628398,Kyle,Kuzma,Kyle Kuzma,1995-07-24,80,221,2017,kuzmaky01,Forward,16,active,true
272,1631222,Jake,LaRavia,Jake LaRavia,2001-11-03,79,235,2022,laravja01,Forward,14,active,true
273,203897,Zach,LaVine,Zach LaVine,1995-03-10,77,200,2014,lavinza01,Guard,25,active,true
274,1629111,Jock,Landale,Jock Landale,1995-10-25,83,255,Undrafted,landajo01,Center,4,active,true
275,1642404,Chaz,Lanier,Chaz Lanier,2001-12-19,75,206,2025,laniech01,Guard,32,active,true
276,1641796,Pelle,Larsson,Pelle Larsson,2001-02-23,77,215,2024,larsspe01,Guard,15,active,true
277,1630639,A.J.,Lawson,A.J. Lawson,2000-07-15,78,179,Undrafted,lawsoaj01,Guard,28,active,true
278,1627747,Caris,LeVert,Caris LeVert,1994-08-25,79,205,2016,leverca01,Guard,32,active,true
279,202695,Kawhi,Leonard,Kawhi Leonard,1991-06-29,78,225,2011,leonaka01,Forward,13,active,true
280,1630604,E.J.,Liddell,E.J. Liddell,2000-12-18,78,240,2022,liddeej01,Forward,18,active,true
281,203081,Damian,Lillard,Damian Lillard,1990-07-15,74,200,2012,lillada01,Guard,24,active,true
282,1641726,Dereck,Lively II,Dereck Lively II,2004-02-12,85,230,2023,livelde01,Center,9,active,true
283,1630587,Isaiah,Livers,Isaiah Livers,1998-07-28,78,232,2021,liveris01,Forward,23,active,true
284,1641753,Chris,Livingston,Chris Livingston,2003-10-15,78,220,2023,livinch01,Forward,,active,true
285,1626172,Kevon,Looney,Kevon Looney,1996-02-06,81,222,2015,looneke01,Forward,7,active,true
286,201572,Brook,Lopez,Brook Lopez,1988-04-01,85,282,2008,lopezbr01,Center,13,active,true
287,1631126,Caleb,Love,Caleb Love,2001-09-27,75,212,Undrafted,loveca01,Guard,24,active,true
288,201567,Kevin,Love,Kevin Love,1988-09-07,82,251,2008,loveke01,Forward-Center,29,active,true
289,200768,Kyle,Lowry,Kyle Lowry,1986-03-25,72,196,2006,lowryky01,Guard,22,active,true
290,1642863,Khaman,Maluach,Khaman Maluach,2006-09-14,85,250,2025,maluakh01,Center,23,active,true
291,1630572,Sandro,Mamukelashvili,Sandro Mamukelashvili,1999-05-23,81,240,2021,mamuksa01,Forward-Center,28,active,true
292,1629611,Terance,Mann,Terance Mann,1996-10-18,78,215,2019,mannte01,Guard-Forward,18,active,true
293,1630544,Tre,Mann,Tre Mann,2001-02-03,76,178,2021,manntr01,Guard,33,active,true
294,1628374,Lauri,Markkanen,Lauri Markkanen,1997-05-22,85,240,2017,markkla01,Forward-Center,29,active,true
295,1630230,Naji,Marshall,Naji Marshall,1998-01-24,78,220,Undrafted,marshna01,Forward,9,active,true
296,1642918,Alijah,Martin,Alijah Martin,2001-12-26,74,210,2025,martial01,Guard,28,active,true
297,1628997,Caleb,Martin,Caleb Martin,1995-09-28,77,205,Undrafted,martica02,Forward,9,active,true
298,1628998,Cody,Martin,Cody Martin,1995-09-28,78,205,2019,martico01,Forward,,active,true
299,1631213,Tyrese,Martin,Tyrese Martin,1999-03-07,78,215,2022,martity01,Forward,22,active,true
300,1631097,Bennedict,Mathurin,Bennedict Mathurin,2002-06-19,77,210,2022,mathube01,Guard-Forward,13,active,true
301,1631255,Karlo,Matković,Karlo Matković,2001-03-30,82,231,2022,matkoka01,Forward-Center,7,active,true
302,1630178,Tyrese,Maxey,Tyrese Maxey,2000-11-04,74,200,2020,maxeyty01,Guard,22,active,true
303,1643024,Chris,Mañon,Chris Mañon,2001-12-09,76,209,Undrafted,manonch01,Guard,14,active,true
304,1630540,Miles,McBride,Miles McBride,2000-09-08,74,195,2021,mcbrimi01,Guard,19,active,true
305,1642272,Jared,McCain,Jared McCain,2004-02-20,75,195,2024,mccaija01,Guard,27,active,true
306,1630644,Mac,McClung,Mac McClung,1999-01-06,74,185,Undrafted,mccluma01,Guard,8,active,true
307,203468,CJ,McCollum,CJ McCollum,1991-09-19,75,190,2013,mccolcj01,Guard,4,active,true
308,204456,T.J.,McConnell,T.J. McConnell,1992-03-25,73,190,2015,mccontj01,Guard,21,active,true
309,1641755,Kevin,McCullar Jr.,Kevin McCullar Jr.,2001-03-15,78,210,2024,mcculke01,Guard,19,active,true
310,1630183,Jaden,McDaniels,Jaden McDaniels,2000-09-29,81,185,2020,mcdanja02,Forward,17,active,true
311,203926,Doug,McDermott,Doug McDermott,1992-01-03,79,225,2014,mcderdo01,Forward,25,active,true
312,1631121,Bryce,McGowens,Bryce McGowens,2002-11-08,78,190,2022,mcgowbr01,Guard,7,active,true
313,1629162,Jordan,McLaughlin,Jordan McLaughlin,1996-04-09,71,185,Undrafted,mclaujo01,Guard,26,active,true
314,1642862,Liam,McNeeley,Liam McNeeley,2005-10-10,79,210,2025,mcneeli01,Forward,33,active,true
315,1629001,De'Anthony,Melton,De'Anthony Melton,1998-05-28,74,200,2018,meltode01,Guard,11,active,true
316,1630241,Sam,Merrill,Sam Merrill,1996-05-15,76,205,2020,merrisa01,Guard,6,active,true
317,203114,Khris,Middleton,Khris Middleton,1991-08-12,79,222,2012,middlkh01,Forward,9,active,true
318,1641706,Brandon,Miller,Brandon Miller,2002-11-22,79,200,2023,millebr02,Forward,33,active,true
319,1641801,Emanuel,Miller,Emanuel Miller,2000-06-19,77,215,Undrafted,milleem01,Forward,26,active,true
320,1641757,Jordan,Miller,Jordan Miller,2000-01-23,77,194,2023,millejo02,Guard,13,active,true
321,1631159,Leonard,Miller,Leonard Miller,2003-11-26,82,220,2023,millele01,Forward,8,active,true
322,1642434,Riley,Minix,Riley Minix,2000-09-22,79,230,Undrafted,minixri01,Forward,6,active,true
323,1631169,Josh,Minott,Josh Minott,2002-11-25,80,205,2022,minotjo01,Forward,18,active,true
324,1642274,Yves,Missi,Yves Missi,2004-05-14,83,235,2024,missiyv01,Center,7,active,true
325,1642349,Ajay,Mitchell,Ajay Mitchell,2002-06-25,76,190,2024,mitchaj01,Guard,27,active,true
326,1630558,Davion,Mitchell,Davion Mitchell,1998-09-05,72,202,2021,mitchda01,Guard,15,active,true
327,1628378,Donovan,Mitchell,Donovan Mitchell,1996-09-07,74,215,2017,mitchdo01,Guard,6,active,true
328,1630596,Evan,Mobley,Evan Mobley,2001-06-18,83,215,2021,mobleev01,Center,6,active,true
329,1642367,Jonathan,Mogbo,Jonathan Mogbo,2001-10-29,81,225,2024,mogbojo01,Forward,28,active,true
330,1628370,Malik,Monk,Malik Monk,1998-02-04,75,200,2017,monkma01,Guard,25,active,true
331,1630541,Moses,Moody,Moses Moody,2002-05-31,77,211,2021,moodymo01,Guard,11,active,true
332,1631111,Wendell,Moore Jr.,Wendell Moore Jr.,2001-09-18,77,215,2022,moorewe01,Guard,32,active,true
333,1629630,Ja,Morant,Ja Morant,1999-08-10,74,174,2019,moranja01,Guard,30,active,true
334,1628420,Monte,Morris,Monte Morris,1995-06-27,74,183,2017,morrimo01,Guard,,active,true
335,1630530,Trey,Murphy III,Trey Murphy III,2000-06-18,80,206,2021,murphtr02,Forward,7,active,true
336,1627749,Dejounte,Murray,Dejounte Murray,1996-09-19,76,180,2016,murrade01,Guard,7,active,true
337,1627750,Jamal,Murray,Jamal Murray,1997-02-23,76,215,2016,murraja01,Guard,10,active,true
338,1631099,Keegan,Murray,Keegan Murray,2000-08-19,80,225,2022,murrake02,Forward,25,active,true
339,1631200,Kris,Murray,Kris Murray,2000-08-19,80,218,2023,murrakr01,Forward,24,active,true
340,1642867,Collin,Murray-Boyles,Collin Murray-Boyles,2005-06-10,79,245,2025,murraco01,Forward,28,active,true
341,1629004,Svi,Mykhailiuk,Svi Mykhailiuk,1997-06-10,79,205,2018,mykhasv01,Guard-Forward,29,active,true
342,1631250,Pete,Nance,Pete Nance,2000-02-19,81,225,Undrafted,nancepe01,Forward,16,active,true
343,1626204,Larry,Nance Jr.,Larry Nance Jr.,1993-01-01,78,245,2015,nancela02,Forward-Center,6,active,true
344,1629614,Andrew,Nembhard,Andrew Nembhard,2000-01-16,76,191,2022,nembhan01,Guard-Forward,21,active,true
345,1642948,Ryan,Nembhard,Ryan Nembhard,2003-03-10,71,180,Undrafted,nembhry01,Guard,9,active,true
346,1630174,Aaron,Nesmith,Aaron Nesmith,1999-10-16,77,215,2020,nesmiaa01,Guard-Forward,21,active,true
347,1642854,Asa,Newell,Asa Newell,2005-10-05,82,220,2025,newelas01,Forward,4,active,true
348,1627777,Georges,Niang,Georges Niang,1993-06-17,79,230,2016,niangge01,Forward,4,active,true
349,1642949,Yanic,Konan Niederhäuser,Yanic Konan Niederhäuser,2003-03-14,83,242,2025,konanya01,Center,13,active,true
350,1630192,Zeke,Nnaji,Zeke Nnaji,2001-01-09,82,240,2020,nnajize01,Forward-Center,10,active,true
351,203994,Jusuf,Nurkić,Jusuf Nurkić,1994-08-23,83,290,2014,nurkiju01,Center,29,active,true
352,1626220,Royce,O'Neale,Royce O'Neale,1993-06-05,78,226,Undrafted,onealro01,Forward,23,active,true
353,1629006,Josh,Okogie,Josh Okogie,1998-09-01,76,213,2018,okogijo01,Guard,12,active,true
354,1630168,Onyeka,Okongwu,Onyeka Okongwu,2000-12-11,82,240,2020,okongon01,Forward-Center,4,active,true
355,1630171,Isaac,Okoro,Isaac Okoro,2001-01-26,76,225,2020,okorois01,Forward-Guard,8,active,true
356,1642950,Lachlan,Olbrich,Lachlan Olbrich,2003-12-30,80,236,2025,olbrila01,Center,8,active,true
357,203482,Kelly,Olynyk,Kelly Olynyk,1991-04-19,84,240,2013,olynyke01,Forward-Center,26,active,true
358,1626162,Kelly,Oubre Jr.,Kelly Oubre Jr.,1995-12-09,80,210,2015,oubreke01,Forward-Guard,22,active,true
359,101108,Chris,Paul,Chris Paul,1985-05-06,72,175,2005,paulch01,Guard,,active,true
360,1627780,Gary,Payton II,Gary Payton II,1992-12-01,74,195,Undrafted,paytoga02,Guard,11,active,true
361,1642877,Micah,Peavy,Micah Peavy,2001-07-16,79,215,2025,peavymi01,Guard-Forward,7,active,true
362,1642869,Noah,Penda,Noah Penda,2005-01-07,79,215,2025,pendano01,Guard-Forward,20,active,true
363,1643007,Taelon,Peter,Taelon Peter,2002-02-27,75,185,2025,peterta01,Guard,21,active,true
364,1641809,Drew,Peterson,Drew Peterson,1999-11-09,80,205,Undrafted,peterdr01,Forward,,active,true
365,1641763,Julian,Phillips,Julian Phillips,2003-11-05,78,201,2023,phillju01,Forward,17,active,true
366,1629618,Jalen,Pickett,Jalen Pickett,1999-10-22,74,202,2023,pickeja02,Guard,10,active,true
367,1630590,Scotty,Pippen Jr.,Scotty Pippen Jr.,2000-11-10,74,170,Undrafted,pippesc02,Guard,30,active,true
368,1631342,Daeqwon,Plowden,Daeqwon Plowden,1998-08-29,76,216,Undrafted,plowdda01,Guard-Forward,25,active,true
369,203486,Mason,Plumlee,Mason Plumlee,1990-03-05,84,254,2013,plumlma01,Forward-Center,26,active,true
370,1641764,Brandin,Podziemski,Brandin Podziemski,2003-02-25,76,205,2023,podzibr01,Guard,11,active,true
371,1627751,Jakob,Poeltl,Jakob Poeltl,1995-10-15,84,253,2016,poeltja01,Center,28,active,true
372,1629673,Jordan,Poole,Jordan Poole,1999-06-19,76,194,2019,poolejo01,Guard,7,active,true
373,1641854,Craig,Porter Jr.,Craig Porter Jr.,2000-02-26,73,180,Undrafted,portecr01,Guard,6,active,true
374,1629645,Kevin,Porter Jr.,Kevin Porter Jr.,2000-05-04,77,203,2019,porteke02,Guard-Forward,16,active,true
375,1629008,Michael,Porter Jr.,Michael Porter Jr.,1998-06-29,82,218,2018,portemi01,Forward,18,active,true
376,1626171,Bobby,Portis,Bobby Portis,1995-02-10,81,250,2015,portibo01,Forward,16,active,true
377,204001,Kristaps,Porziņģis,Kristaps Porziņģis,1995-08-02,86,240,2015,porzikr01,Forward-Center,11,active,true
378,1642366,Quinten,Post,Quinten Post,2000-03-21,84,238,2024,postqu01,Center,11,active,true
379,1642962,Drake,Powell,Drake Powell,2005-09-08,77,195,2025,poweldr01,Guard-Forward,18,active,true
380,203939,Dwight,Powell,Dwight Powell,1991-07-20,82,240,2014,poweldw01,Forward-Center,9,active,true
381,1626181,Norman,Powell,Norman Powell,1993-05-25,75,215,2015,powelno01,Guard,15,active,true
382,1627752,Taurean,Prince,Taurean Prince,1994-03-22,78,218,2016,princta02,Forward,16,active,true
383,1630202,Payton,Pritchard,Payton Pritchard,1998-01-28,73,195,2020,pritcpa01,Guard,5,active,true
384,1642878,Tyrese,Proctor,Tyrese Proctor,2004-04-01,76,185,2025,proctty01,Guard,6,active,true
385,1641765,Olivier-Maxence,Prosper,Olivier-Maxence Prosper,2002-07-03,79,230,2023,prospol01,Forward,30,active,true
386,1642852,Derik,Queen,Derik Queen,2004-12-27,81,250,2025,queende01,Center,7,active,true
387,1629674,Neemias,Queta,Neemias Queta,1999-07-13,84,248,2021,quetane01,Center,5,active,true
388,1630193,Immanuel,Quickley,Immanuel Quickley,1999-06-17,74,190,2020,quickim01,Guard,28,active,true
389,203944,Julius,Randle,Julius Randle,1994-11-29,81,250,2014,randlju01,Forward-Center,17,active,true
390,1642875,Maxime,Raynaud,Maxime Raynaud,2003-04-07,85,250,2025,raynama01,Center,25,active,true
391,1641871,Duop,Reath,Duop Reath,1996-06-26,81,245,Undrafted,reathdu01,Center,,active,true
392,1630559,Austin,Reaves,Austin Reaves,1998-05-29,77,197,Undrafted,reaveau01,Guard,14,active,true
393,1630194,Paul,Reed,Paul Reed,1999-06-14,81,210,2020,reedpa01,Forward,32,active,true
394,1641810,Antonio,Reeves,Antonio Reeves,2000-11-20,77,205,2024,reevean01,Guard,33,active,true
395,1629675,Naz,Reid,Naz Reid,1999-08-26,81,264,Undrafted,reidna01,Center-Forward,17,active,true
396,1642954,Will,Richard,Will Richard,2002-12-24,75,206,2025,richawi02,Guard,11,active,true
397,1630208,Nick,Richards,Nick Richards,1997-11-29,83,245,2020,richani01,Center,8,active,true
398,1642859,Jase,Richardson,Jase Richardson,2005-10-16,73,180,2025,richaja02,Guard,20,active,true
399,1642860,Will,Riley,Will Riley,2006-02-10,81,180,2025,rileywi01,Forward,31,active,true
400,1642258,Zaccharie,Risacher,Zaccharie Risacher,2005-04-08,80,200,2024,risacza01,Forward,4,active,true
401,1629130,Duncan,Robinson,Duncan Robinson,1994-04-22,79,215,Undrafted,robindu01,Forward,32,active,true
402,1629011,Mitchell,Robinson,Mitchell Robinson,1998-04-01,84,240,2018,robinmi01,Center-Forward,19,active,true
403,1631115,Orlando,Robinson,Orlando Robinson,2000-07-10,82,235,Undrafted,robinor01,Center,,active,true
404,1630526,Jeremiah,Robinson-Earl,Jeremiah Robinson-Earl,2000-11-03,81,240,2021,robinje02,Forward,,active,true
405,1631157,Ryan,Rollins,Ryan Rollins,2002-07-03,75,180,2022,rolliry01,Guard,16,active,true
406,1642050,Jackson,Rowe,Jackson Rowe,1997-01-04,79,210,Undrafted,roweja01,Forward,11,active,true
407,1626179,Terry,Rozier,Terry Rozier,1994-03-17,73,190,2015,roziete01,Guard,15,active,true
408,1641712,Rayan,Rupert,Rayan Rupert,2004-05-31,79,205,2023,ruperra01,Guard-Forward,30,active,true
409,1626156,D'Angelo,Russell,D'Angelo Russell,1996-02-23,75,193,2015,russeda01,Guard,31,active,true
410,1627734,Domantas,Sabonis,Domantas Sabonis,1996-05-03,82,240,2016,sabondo01,Forward-Center,25,active,true
411,1642275,Tidjane,Salaün,Tidjane Salaün,2005-08-10,82,207,2024,salauti01,Forward,33,active,true
412,1642282,Hunter,Sallis,Hunter Sallis,2003-03-26,76,185,Undrafted,sallihu01,Guard,,active,true
413,1642920,Kobe,Sanders,Kobe Sanders,2002-05-30,80,207,2025,sandeko01,Guard,13,active,true
414,1630611,Gui,Santos,Gui Santos,2002-06-22,79,185,2022,santogu01,Forward,11,active,true
415,1642879,Ben,Saraf,Ben Saraf,2006-04-14,78,200,2025,sarafbe01,Guard,18,active,true
416,1642259,Alex,Sarr,Alex Sarr,2005-04-26,84,205,2024,sarral01,Center,31,active,true
417,1631204,Marcus,Sasser,Marcus Sasser,2000-09-21,73,195,2023,sassema01,Guard,32,active,true
418,1631248,Baylor,Scheierman,Baylor Scheierman,2000-09-26,78,205,2024,scheiba01,Guard,5,active,true
419,203471,Dennis,Schröder,Dennis Schröder,1993-09-15,73,175,2013,schrode01,Guard,6,active,true
420,1641813,Mark,Sears,Mark Sears,2002-02-19,72,185,Undrafted,searsma01,Guard,,active,true
421,1630578,Alperen,Sengun,Alperen Sengun,2002-07-25,83,243,2021,sengual01,Center,12,active,true
422,1641729,Brice,Sensabaugh,Brice Sensabaugh,2003-10-30,78,235,2023,sensabr01,Forward,29,active,true
423,1629012,Collin,Sexton,Collin Sexton,1999-01-04,75,190,2018,sextoco01,Guard,8,active,true
424,1629013,Landry,Shamet,Landry Shamet,1997-03-13,77,190,2018,shamela01,Guard,19,active,true
425,1630545,Terrence,Shannon Jr.,Terrence Shannon Jr.,2000-07-30,78,215,2024,shannte01,Guard-Forward,17,active,true
426,1630549,Day'Ron,Sharpe,Day'Ron Sharpe,2001-11-06,82,265,2021,sharpda01,Center,18,active,true
427,1631101,Shaedon,Sharpe,Shaedon Sharpe,2003-05-30,77,210,2022,sharpsh01,Guard,24,active,true
428,1642347,Jamal,Shead,Jamal Shead,2002-07-24,73,200,2024,sheadja01,Guard,28,active,true
429,1641767,Ben,Sheppard,Ben Sheppard,2001-07-16,78,190,2023,sheppbe01,Guard,21,active,true
430,1642263,Reed,Sheppard,Reed Sheppard,2004-06-24,74,185,2024,sheppre01,Guard,12,active,true
431,1642917,Max,Shulga,Max Shulga,2002-06-25,76,210,2025,shulgma01,Guard,5,active,true
432,1627783,Pascal,Siakam,Pascal Siakam,1994-04-02,80,245,2016,siakapa01,Forward,21,active,true
433,1629014,Anfernee,Simons,Anfernee Simons,1999-06-08,75,200,2018,simonan01,Guard,8,active,true
434,1642354,KJ,Simpson,KJ Simpson,2002-08-08,74,189,2024,simpskj01,Guard,10,active,true
435,1630579,Jericho,Sims,Jericho Sims,1998-10-20,82,250,2021,simsje01,Center,16,active,true
436,1642914,Javon,Small,Javon Small,2002-12-19,73,190,2025,smallja01,Guard,30,active,true
437,203935,Marcus,Smart,Marcus Smart,1994-03-06,75,220,2014,smartma01,Guard,14,active,true
438,1630696,Dru,Smith,Dru Smith,1997-12-30,74,203,Undrafted,smithdr01,Guard,15,active,true
439,1630188,Jalen,Smith,Jalen Smith,2000-03-16,80,244,2020,smithja04,Forward-Center,8,active,true
440,1631095,Jabari,Smith Jr.,Jabari Smith Jr.,2003-05-13,83,220,2022,smithja05,Forward,12,active,true
441,1641733,Nick,Smith Jr.,Nick Smith Jr.,2004-04-18,74,185,2023,smithni01,Guard,14,active,true
442,1631110,Jeremy,Sochan,Jeremy Sochan,2003-05-20,80,230,2022,sochaje01,Forward,19,active,true
443,1642850,Thomas,Sorber,Thomas Sorber,2005-12-25,81,250,2025,sorbeth01,Center,27,active,true
444,1642285,Cam,Spencer,Cam Spencer,2000-04-06,75,205,2024,spencca01,Guard,30,active,true
445,1630311,Pat,Spencer,Pat Spencer,1996-07-04,74,205,Undrafted,spencpa01,Guard,11,active,true
446,1641815,Isaiah,Stevens,Isaiah Stevens,2000-11-01,71,185,Undrafted,steveis01,Guard,25,active,true
447,1630191,Isaiah,Stewart,Isaiah Stewart,2001-05-22,80,250,2020,stewais01,Forward-Center,32,active,true
448,1631124,Julian,Strawther,Julian Strawther,2002-04-18,78,205,2023,strawju01,Guard,10,active,true
449,1629622,Max,Strus,Max Strus,1996-03-28,77,215,Undrafted,strusma01,Guard-Forward,6,active,true
450,1630591,Jalen,Suggs,Jalen Suggs,2001-06-03,77,205,2021,suggsja01,Guard,20,active,true
451,1630256,Jae'Sean,Tate,Jae'Sean Tate,1995-10-28,76,230,Undrafted,tateja01,Forward,12,active,true
452,1628369,Jayson,Tatum,Jayson Tatum,1998-03-03,80,210,2017,tatumja01,Forward-Guard,5,active,true
453,202066,Garrett,Temple,Garrett Temple,1986-05-08,77,195,Undrafted,templga01,Guard-Forward,28,active,true
454,1631207,Dalen,Terry,Dalen Terry,2002-07-12,78,210,2022,terryda01,Forward,22,active,true
455,1642876,Adou,Thiero,Adou Thiero,2004-05-08,79,220,2025,thierad01,Guard,14,active,true
456,1630560,Cam,Thomas,Cam Thomas,2001-10-13,75,210,2021,thomaca02,Guard,,active,true
457,1641708,Amen,Thompson,Amen Thompson,2003-01-30,79,200,2023,thompam01,Guard-Forward,12,active,true
458,1641709,Ausar,Thompson,Ausar Thompson,2003-01-30,79,205,2023,thompau01,Guard-Forward,32,active,true
459,202691,Klay,Thompson,Klay Thompson,1990-02-08,77,220,2011,thompkl01,Guard,9,active,true
460,1629680,Matisse,Thybulle,Matisse Thybulle,1997-03-04,77,202,2019,thybuma01,Guard-Forward,24,active,true
461,1630214,Xavier,Tillman,Xavier Tillman,1999-01-12,80,245,2020,tillmxa01,Forward,33,active,true
462,1641772,Nae'Qwan,Tomlin,Nae'Qwan Tomlin,2000-12-19,80,210,Undrafted,tomlina01,Forward,6,active,true
463,1642910,John,Tonje,John Tonje,2001-04-23,76,218,2025,tonjejo01,Guard,5,active,true
464,1642260,Nikola,Topić,Nikola Topić,2005-08-10,78,200,2024,topicni01,Guard,27,active,true
465,1631210,Jacob,Toppin,Jacob Toppin,2000-05-08,81,200,Undrafted,toppija01,Forward,,active,true
466,1630167,Obi,Toppin,Obi Toppin,1998-03-04,81,220,2020,toppiob01,Forward,21,active,true
467,1626157,Karl-Anthony,Towns,Karl-Anthony Towns,1995-11-15,84,248,2015,townska01,Center-Forward,19,active,true
468,1642849,Nolan,Traore,Nolan Traore,2006-05-28,75,185,2025,traorno01,Guard,18,active,true
469,1631247,Luke,Travers,Luke Travers,2001-09-03,78,207,2022,travelu01,Forward,,active,true
470,1629018,Gary,Trent Jr.,Gary Trent Jr.,1999-01-18,77,204,2018,trentga02,Guard,16,active,true
471,1631131,Oscar,Tshiebwe,Oscar Tshiebwe,1999-11-27,80,255,Undrafted,tshieos01,Forward-Center,29,active,true
472,1626167,Myles,Turner,Myles Turner,1996-03-24,83,250,2015,turnemy01,Center-Forward,16,active,true
473,1641816,Hunter,Tyson,Hunter Tyson,2000-06-13,80,215,2023,tysonhu01,Forward,,active,true
474,1642281,Jaylon,Tyson,Jaylon Tyson,2002-12-02,78,215,2024,tysonja01,Guard-Forward,6,active,true
475,202685,Jonas,Valančiūnas,Jonas Valančiūnas,1992-05-06,83,265,2011,valanjo01,Center,10,active,true
476,1627832,Fred,VanVleet,Fred VanVleet,1994-02-25,72,197,Undrafted,vanvlfr01,Guard,12,active,true
477,1629020,Jarred,Vanderbilt,Jarred Vanderbilt,1999-04-03,80,214,2018,vandeja01,Forward,14,active,true
478,1630170,Devin,Vassell,Devin Vassell,2000-08-23,77,200,2020,vassede01,Guard-Forward,26,active,true
479,1629216,Gabe,Vincent,Gabe Vincent,1996-06-14,74,200,Undrafted,vincega01,Guard,4,active,true
480,1641774,Tristan,Vukcevic,Tristan Vukcevic,2003-03-11,84,220,2023,vukcetr01,Forward,31,active,true
481,202696,Nikola,Vučević,Nikola Vučević,1990-10-24,81,265,2011,vucevni01,Center,5,active,true
482,1629731,Dean,Wade,Dean Wade,1996-11-20,81,228,Undrafted,wadede01,Forward-Center,6,active,true
483,1630532,Franz,Wagner,Franz Wagner,2001-08-27,82,220,2021,wagnefr01,Forward,20,active,true
484,1629021,Moritz,Wagner,Moritz Wagner,1997-04-26,83,245,2018,wagnemo01,Forward-Center,20,active,true
485,1631133,Jabari,Walker,Jabari Walker,2002-07-30,79,237,2022,walkeja01,Forward,22,active,true
486,1641716,Jarace,Walker,Jarace Walker,2003-09-04,79,235,2023,walkeja02,Forward,21,active,true
487,1641717,Cason,Wallace,Cason Wallace,2003-11-07,75,195,2023,wallaca01,Guard,27,active,true
488,1630811,Keaton,Wallace,Keaton Wallace,1999-02-26,75,185,Undrafted,wallake01,Guard,4,active,true
489,1641775,Jordan,Walsh,Jordan Walsh,2004-03-03,78,205,2023,walshjo01,Guard,5,active,true
490,1642266,Ja'Kobe,Walter,Ja'Kobe Walter,2004-09-04,76,180,2024,walteja01,Guard,28,active,true
491,1642276,Kel'el,Ware,Kel'el Ware,2004-04-20,84,230,2024,wareke01,Center,15,active,true
492,1629023,P.J.,Washington,P.J. Washington,1998-08-23,79,230,2019,washipj01,Forward,9,active,true
493,1630322,Lindy,Waters III,Lindy Waters III,1997-07-28,77,210,Undrafted,waterli01,Forward,26,active,true
494,1630570,Trendon,Watford,Trendon Watford,2000-11-09,80,245,Undrafted,watfotr01,Guard-Forward,22,active,true
495,1642364,Jamir,Watkins,Jamir Watkins,2001-07-06,78,210,2025,watkija01,Forward,31,active,true
496,1631212,Peyton,Watson,Peyton Watson,2002-09-11,80,200,2022,watsope01,Guard,10,active,true
497,1641705,Victor,Wembanyama,Victor Wembanyama,2004-01-04,88,235,2023,wembavi01,Forward-Center,26,active,true
498,1631104,Blake,Wesley,Blake Wesley,2003-03-16,76,190,2022,weslebl01,Guard,24,active,true
499,201566,Russell,Westbrook,Russell Westbrook,1988-11-12,76,200,2008,westbru01,Guard,25,active,true
500,1629632,Coby,White,Coby White,2000-02-16,76,210,2019,whiteco01,Guard,33,active,true
501,1628401,Derrick,White,Derrick White,1994-07-02,76,190,2017,whitede01,Guard,5,active,true
502,1641715,Cam,Whitmore,Cam Whitmore,2004-07-08,78,230,2023,whitmca01,Forward,31,active,true
503,1630598,Aaron,Wiggins,Aaron Wiggins,1999-01-02,77,190,2021,wiggiaa01,Guard,27,active,true
504,203952,Andrew,Wiggins,Andrew Wiggins,1995-02-23,78,197,2014,wiggian01,Forward,15,active,true
505,1642873,Amari,Williams,Amari Williams,2002-01-28,83,250,2025,william01,Forward-Center,5,active,true
506,1630314,Brandon,Williams,Brandon Williams,1999-11-22,73,190,Undrafted,willibr03,Guard,9,active,true
507,1642262,Cody,Williams,Cody Williams,2004-11-20,80,190,2024,willico04,Forward,29,active,true
508,1629684,Grant,Williams,Grant Williams,1998-11-30,79,236,2019,willigr01,Forward,33,active,true
509,1631114,Jalen,Williams,Jalen Williams,2001-04-14,77,211,2022,willija06,Guard-Forward,27,active,true
510,1631119,Jaylin,Williams,Jaylin Williams,2002-06-29,81,240,2022,willija07,Forward,27,active,true
511,1629026,Kenrich,Williams,Kenrich Williams,1994-12-02,79,210,Undrafted,willike04,Guard-Forward,27,active,true
512,1631109,Mark,Williams,Mark Williams,2001-12-16,85,240,2022,willima07,Center,23,active,true
513,1630172,Patrick,Williams,Patrick Williams,2001-08-26,78,235,2020,willipa01,Forward,8,active,true
514,1630533,Ziaire,Williams,Ziaire Williams,2001-09-12,81,185,2021,willizi02,Forward,18,active,true
515,1629057,Robert,Williams III,Robert Williams III,1997-10-17,81,249,2018,williro04,Center-Forward,24,active,true
516,1631246,Vince,Williams Jr.,Vince Williams Jr.,2000-08-30,76,205,2022,willivi01,Guard,,active,true
517,1629627,Zion,Williamson,Zion Williamson,2000-07-06,78,284,2019,willizi01,Forward,7,active,true
518,1630592,Jalen,Wilson,Jalen Wilson,2000-11-04,78,220,2023,wilsoja03,Forward,18,active,true
519,1630164,James,Wiseman,James Wiseman,2001-03-31,83,240,2020,wisemja01,Center,,active,true
520,1642874,Danny,Wolf,Danny Wolf,2004-05-05,83,250,2025,wolfda01,Forward,18,active,true
521,1627824,Guerschon,Yabusele,Guerschon Yabusele,1995-12-17,79,265,2016,yabusgu01,Forward,8,active,true
522,1642905,Yang,Hansen,Yang Hansen,2005-06-26,85,270,2025,yangha01,Center,24,active,true
523,1642443,Jahmir,Young,Jahmir Young,2000-10-07,72,185,Undrafted,youngja05,Guard,15,active,true
524,1629027,Trae,Young,Trae Young,1998-09-19,74,164,2018,youngtr01,Guard,31,active,true
525,1642911,Rocco,Zikarsky,Rocco Zikarsky,2006-07-11,87,227,2025,zikarro01,Center,17,active,true
526,1627826,Ivica,Zubac,Ivica Zubac,1997-03-18,84,240,2016,zubaciv01,Center,21,active,true
527,1641783,Tristan,da Silva,Tristan da Silva,2001-05-15,80,217,2024,dasiltr01,Forward,20,active,true
528,203967,Dario,Saric,Dario Saric,1994-04-08,82,225,2014,saricda01,Forward-Center,,active,true
555,1627853,Ryan,Arcidiacono,Ryan Arcidiacono,1994-03-26,75,195,Undrafted,,Guard,,,false
556,201571,D.J.,Augustin,D.J. Augustin,1987-11-10,71,183,2008,,Guard,,,false
559,1628962,Udoka,Azubuike,Udoka Azubuike,1999-09-17,83,270,2020,,Center-Forward,,,false
560,1630641,Ibou,Badji,Ibou Badji,2002-10-13,84,240,Undrafted,,Center,,,false
562,1631116,Patrick,Baldwin Jr.,Patrick Baldwin Jr.,2002-11-18,84,220,2022,,Forward,,,false
565,1628964,Mo,Bamba,Mo Bamba,1998-05-12,84,231,2018,,Center,,,false
568,1630625,Dalano,Banton,Dalano Banton,1999-11-07,80,203,2021,,Forward,,,false
573,203115,Will,Barton,Will Barton,1991-01-06,77,181,2012,,Guard,,,false
575,1628966,Keita,Bates-Diop,Keita Bates-Diop,1996-01-23,80,229,2018,,Forward,,,false
577,1629647,Darius,Bazley,Darius Bazley,2000-06-12,81,216,2019,,Forward,,,false
579,1627736,Malik,Beasley,Malik Beasley,1996-11-26,76,187,2016,,Guard,,,false
580,1630699,MarJon,Beauchamp,MarJon Beauchamp,2000-10-12,79,199,2022,,Forward,,,false
581,202722,Davis,Bertans,Davis Bertans,1992-11-12,82,225,2011,,Forward,,,false
582,201976,Patrick,Beverley,Patrick Beverley,1988-07-12,74,180,2009,,Guard,,,false
584,203920,Khem,Birch,Khem Birch,1992-09-28,80,233,Undrafted,,Center,,,false
587,1631205,Buddy,Boeheim,Buddy Boeheim,1999-11-11,77,205,Undrafted,,Forward,,,false
588,202711,Bojan,Bogdanovic,Bojan Bogdanovic,1989-04-18,79,226,2011,,Forward,,,false
590,1629626,Bol,Bol,Bol Bol,1999-11-16,87,220,2019,,Center-Forward,,,false
591,1629716,Marques,Bolden,Marques Bolden,1998-04-17,82,249,2019,,Center,,,false
592,1630195,Leandro,Bolmaro,Leandro Bolmaro,2000-09-11,78,200,2020,,Forward,,,false
594,1630527,Brandon,Boston,Brandon Boston,2001-11-28,78,188,2021,,Guard,,,false
596,1630547,James,Bouknight,James Bouknight,2000-09-18,76,190,2021,,Guard,,,false
597,1631123,Jamaree,Bouyea,Jamaree Bouyea,1999-06-27,74,180,Undrafted,,Guard,,,false
600,1629714,Jarrell,Brantley,Jarrell Brantley,1996-06-07,77,250,2019,,Forward,,,false
604,1629052,Oshae,Brissett,Oshae Brissett,1998-06-20,79,210,Undrafted,,Forward-Guard,,,false
605,1627763,Malcolm,Brogdon,Malcolm Brogdon,1992-12-11,76,229,2016,,Guard,,,false
606,1629717,Armoni,Brooks,Armoni Brooks,1998-06-05,75,195,2019,,Guard,,,false
610,1631112,Kendall,Brown,Kendall Brown,2003-05-11,79,205,2022,,Guard,,,false
611,1629650,Moses,Brown,Moses Brown,1999-10-13,86,258,Undrafted,,Center,,,false
612,1628425,Sterling,Brown,Sterling Brown,1995-02-10,77,219,2017,,Guard-Forward,,,false
613,1630535,Greg,Brown III,Greg Brown III,2001-09-01,79,206,2021,,Forward,,,false
614,1629718,Charlie,Brown Jr.,Charlie Brown Jr.,1997-02-02,78,199,Undrafted,,Guard,,,false
615,1628972,Troy,Brown Jr.,Troy Brown Jr.,1999-07-28,79,215,2018,,Guard-Forward,,,false
618,203493,Reggie,Bullock Jr.,Reggie Bullock Jr.,1991-03-16,78,205,2013,,Guard-Forward,,,false
619,202692,Alec,Burks,Alec Burks,1991-07-20,77,214,2011,,Guard,,,false
620,1629126,Deonte,Burton,Deonte Burton,1994-01-31,76,240,Undrafted,,Guard-Forward,,,false
621,1630215,Jared,Butler,Jared Butler,2000-08-25,75,193,2021,,Guard,,,false
623,1631219,John,Butler Jr.,John Butler Jr.,2002-12-04,84,190,Undrafted,,Forward,,,false
626,1630267,Facundo,Campazzo,Facundo Campazzo,1991-03-23,70,195,Undrafted,,Guard,,,false
628,1630176,Vernon,Carey Jr.,Vernon Carey Jr.,2001-02-25,82,270,2020,,Center,,,false
631,203487,Michael,Carter-Williams,Michael Carter-Williams,1991-10-10,77,190,2013,,Guard,,,false
633,1626161,Willie,Cauley-Stein,Willie Cauley-Stein,1993-08-18,84,240,2015,,Center,,,false
636,1631113,Kennedy,Chandler,Kennedy Chandler,2002-09-16,72,170,2022,,Guard,,,false
638,1630528,Josh,Christopher,Josh Christopher,2001-12-08,76,215,2021,,Guard,,,false
645,1628435,Chance,Comanche,Chance Comanche,1996-04-14,82,210,Undrafted,,Center,,,false
648,1641645,Xavier,Cooks,Xavier Cooks,1995-08-19,80,183,Undrafted,,Forward,,,false
650,203496,Robert,Covington,Robert Covington,1990-12-14,79,209,Undrafted,,Forward,,,false
651,1628470,Torrey,Craig,Torrey Craig,1990-12-19,77,221,Undrafted,,Forward,,,false
652,203109,Jae,Crowder,Jae Crowder,1990-07-06,78,235,2012,,Forward,,,false
653,1629633,Jarrett,Culver,Jarrett Culver,1999-02-20,78,195,2019,,Guard-Forward,,,false
655,203552,Seth,Curry,Seth Curry,1990-08-23,73,185,Undrafted,,Guard,,,false
659,1631098,Johnny,Davis,Johnny Davis,2002-02-27,76,195,2022,,Guard,,,false
660,1629056,Terence,Davis,Terence Davis,1997-05-16,76,201,Undrafted,,Guard,,,false
662,1630620,Darius,Days,Darius Days,1999-10-20,79,245,Undrafted,,Forward,,,false
664,203473,Dewayne,Dedmon,Dewayne Dedmon,1989-08-12,82,245,Undrafted,,Center,,,false
665,203521,Matthew,Dellavedova,Matthew Dellavedova,1990-09-08,75,200,Undrafted,,Guard,,,false
668,1629603,Mamadi,Diakite,Mamadi Diakite,1997-01-21,81,228,Undrafted,,Forward,,,false
669,1628977,Hamidou,Diallo,Hamidou Diallo,1998-07-31,77,202,2018,,Guard,,,false
670,203476,Gorgui,Dieng,Gorgui Dieng,1990-01-18,82,248,2013,,Center,,,false
672,203915,Spencer,Dinwiddie,Spencer Dinwiddie,1993-04-06,77,215,2014,,Guard,,,false
674,1628416,Tyler,Dorsey,Tyler Dorsey,1996-02-18,76,180,2017,,Guard,,,false
677,1629653,Devon,Dotson,Devon Dotson,1999-08-02,73,185,Undrafted,,Guard,,,false
678,1630288,Jeff,Dowtin Jr.,Jeff Dowtin Jr.,1997-05-10,75,177,Undrafted,,Guard,,,false
679,1628408,PJ,Dozier,PJ Dozier,1996-10-25,78,205,Undrafted,,Guard-Forward,,,false
680,201609,Goran,Dragic,Goran Dragic,1986-05-06,76,190,2008,,Guard,,,false
682,1630537,Chris,Duarte,Chris Duarte,1997-06-13,77,190,2021,,Guard,,,false
683,1630561,David,Duke Jr.,David Duke Jr.,1999-10-13,76,204,Undrafted,,Guard,,,false
689,1630556,Kessler,Edwards,Kessler Edwards,2000-08-09,79,203,2021,,Forward,,,false
694,1628981,Bruno,Fernando,Bruno Fernando,1998-08-15,81,240,2019,,Forward-Center,,,false
696,1630201,Malachi,Flynn,Malachi Flynn,1998-05-09,73,185,2020,,Guard,,,false
698,1627854,Bryn,Forbes,Bryn Forbes,1993-07-23,74,205,Undrafted,,Guard,,,false
699,1630235,Trent,Forrest,Trent Forrest,1998-06-12,76,210,Undrafted,,Guard,,,false
700,1630701,Michael,Foster Jr.,Michael Foster Jr.,2003-01-16,80,250,Undrafted,,Forward,,,false
701,203095,Evan,Fournier,Evan Fournier,1992-10-29,78,205,2012,,Guard-Forward,,,false
703,1628365,Markelle,Fultz,Markelle Fultz,1998-05-29,76,209,2017,,Guard,,,false
704,1629117,Wenyen,Gabriel,Wenyen Gabriel,1997-03-26,81,205,Undrafted,,Forward,,,false
706,201568,Danilo,Gallinari,Danilo Gallinari,1988-08-08,82,236,2008,,Forward,,,false
708,1630585,Marcus,Garrett,Marcus Garrett,1998-11-09,77,205,Undrafted,,Guard,,,false
709,1630586,Usman,Garuba,Usman Garuba,2002-03-09,80,229,2021,,Forward,,,false
711,200752,Rudy,Gay,Rudy Gay,1986-08-17,80,250,2006,,Forward-Guard,,,false
713,201959,Taj,Gibson,Taj Gibson,1985-06-24,81,232,2009,,Forward,,,false
715,1628385,Harry,Giles III,Harry Giles III,1998-04-22,82,240,2017,,Forward-Center,,,false
719,1631367,Jacob,Gilyard,Jacob Gilyard,1998-07-14,68,160,Undrafted,,Guard,,,false
724,1628984,Devonte',Graham,Devonte' Graham,1995-02-22,73,195,2018,,Guard,,,false
726,1630564,RaiQuan,Gray,RaiQuan Gray,1999-07-07,79,269,2021,,Forward,,,false
728,201980,Danny,Green,Danny Green,1987-06-22,78,215,2009,,Guard,,,false
730,203210,JaMychal,Green,JaMychal Green,1990-06-21,81,227,Undrafted,,Forward-Center,,,false
735,1631100,AJ,Griffin,AJ Griffin,2003-08-25,78,220,2022,,Forward,,,false
736,201933,Blake,Griffin,Blake Griffin,1989-03-16,81,250,2009,,Forward,,,false
739,1630204,Ashton,Hagans,Ashton Hagans,1999-07-08,75,190,Undrafted,,Guard-Forward,,,false
741,1631160,Jordan,Hall,Jordan Hall,2002-01-14,79,215,Undrafted,,Guard,,,false
742,1630181,R.J.,Hampton,R.J. Hampton,2001-02-07,76,175,2020,,Guard,,,false
747,1626149,Montrezl,Harrell,Montrezl Harrell,1994-01-26,79,240,2015,,Forward-Center,,,false
749,203925,Joe,Harris,Joe Harris,1991-09-06,78,220,2014,,Guard-Forward,,,false
752,1627885,Shaquille,Harrison,Shaquille Harrison,1993-10-06,76,195,Undrafted,,Guard,,,false
755,2617,Udonis,Haslem,Udonis Haslem,1980-06-09,79,235,Undrafted,,Forward,,,false
758,1630165,Killian,Hayes,Killian Hayes,2001-07-27,76,195,2020,,Guard,,,false
760,202330,Gordon,Hayward,Gordon Hayward,1990-03-23,79,225,2010,,Forward,,,false
761,1627823,Juancho,Hernangomez,Juancho Hernangomez,1995-09-28,81,214,2016,,Forward,,,false
762,1626195,Willy,Hernangomez,Willy Hernangomez,1994-05-27,83,250,2015,,Center-Forward,,,false
766,201588,George,Hill,George Hill,1986-05-04,76,188,2008,,Guard,,,false
767,1630792,Malcolm,Hill,Malcolm Hill,1995-10-26,78,220,Undrafted,,Forward,,,false
768,1630207,Nate,Hinton,Nate Hinton,1999-06-08,77,210,Undrafted,,Guard-Forward,,,false
771,203200,Justin,Holiday,Justin Holiday,1989-04-05,78,180,Undrafted,,Forward-Guard,,,false
772,1626158,Richaun,Holmes,Richaun Holmes,1993-10-15,81,235,2015,,Forward,,,false
775,1629659,Talen,Horton-Tucker,Talen Horton-Tucker,2000-11-25,76,234,2019,,Guard,,,false
776,1627863,Danuel,House Jr.,Danuel House Jr.,1993-06-07,78,220,Undrafted,,Forward-Guard,,,false
778,1631309,Trevor,Hudgins,Trevor Hudgins,1999-03-23,72,180,Undrafted,,Guard,,,false
783,201586,Serge,Ibaka,Serge Ibaka,1989-09-18,83,235,2008,,Forward,,,false
784,2738,Andre,Iguodala,Andre Iguodala,1984-01-28,78,215,2004,,Guard-Forward,,,false
790,1628402,Frank,Jackson,Frank Jackson,1998-05-04,75,205,2017,,Guard,,,false
792,1628382,Justin,Jackson,Justin Jackson,1995-03-28,80,220,2017,,Forward,,,false
794,202704,Reggie,Jackson,Reggie Jackson,1990-04-16,74,208,2011,,Guard,,,false
797,1630610,DeJon,Jarreau,DeJon Jarreau,1998-01-23,77,185,Undrafted,,Guard,,,false
798,1629610,DaQuan,Jeffries,DaQuan Jeffries,1997-08-30,77,222,Undrafted,,Guard-Forward,,,false
801,1628993,Alize,Johnson,Alize Johnson,1996-04-22,80,212,2018,,Forward,,,false
804,201949,James,Johnson,James Johnson,1987-02-20,79,240,2009,,Forward,,,false
806,1630553,Keon,Johnson,Keon Johnson,2002-03-10,77,185,2021,,Guard,,,false
807,1626169,Stanley,Johnson,Stanley Johnson,1996-05-29,78,242,2015,,Forward-Guard,,,false
809,1630637,Carlik,Jones,Carlik Jones,1997-12-23,72,174,Undrafted,,Guard,,,false
810,1627745,Damian,Jones,Damian Jones,1995-06-30,82,245,2016,,Center,,,false
812,1630539,Kai,Jones,Kai Jones,2001-01-19,83,221,2021,,Center-Forward,,,false
813,1630222,Mason,Jones,Mason Jones,1998-07-21,76,200,Undrafted,,Guard,,,false
818,202709,Cory,Joseph,Cory Joseph,1991-08-20,74,200,2011,,Guard,,,false
821,1629662,Mfiondu,Kabengele,Mfiondu Kabengele,1997-08-14,82,250,2019,,Center,,,false
822,1626163,Frank,Kaminsky,Frank Kaminsky,1993-04-04,84,240,2015,,Forward-Center,,,false
823,1631211,Trevor,Keels,Trevor Keels,2003-08-26,75,215,2022,,Guard,,,false
826,1630296,Braxton,Key,Braxton Key,1997-02-14,80,225,Undrafted,,Forward,,,false
827,1629663,Louis,King,Louis King,1999-04-06,79,205,Undrafted,,Forward,,,false
830,1630233,Nathan,Knight,Nathan Knight,1997-09-20,80,253,Undrafted,,Forward-Center,,,false
831,1628995,Kevin,Knox II,Kevin Knox II,1999-08-11,80,215,2018,,Forward,,,false
834,1627788,Furkan,Korkmaz,Furkan Korkmaz,1997-07-24,79,202,2016,,Guard-Forward,,,false
841,1627746,Skal,Labissiere,Skal Labissiere,1996-03-18,82,235,2016,,Forward-Center,,,false
842,1630237,Anthony,Lamb,Anthony Lamb,1998-01-20,78,227,Undrafted,,Forward,,,false
844,1629641,Romeo,Langford,Romeo Langford,1999-10-25,77,216,2019,,Guard-Forward,,,false
847,1627814,Damion,Lee,Damion Lee,1992-10-21,78,210,Undrafted,,Guard-Forward,,,false
848,1630240,Saben,Lee,Saben Lee,1999-06-23,74,183,2020,,Guard,,,false
849,203458,Alex,Len,Alex Len,1993-06-16,84,250,2013,,Center,,,false
851,203086,Meyers,Leonard,Meyers Leonard,1992-02-27,84,260,2012,,Forward-Center,,,false
852,1631171,Justin,Lewis,Justin Lewis,2002-04-12,79,245,Undrafted,,Forward,,,false
853,1630184,Kira,Lewis Jr.,Kira Lewis Jr.,2001-04-06,73,170,2020,,Guard,,,false
856,1629642,Nassir,Little,Nassir Little,2000-02-11,78,220,2019,,Forward-Guard,,,false
858,1631254,Kenneth,Lofton Jr.,Kenneth Lofton Jr.,2002-08-14,78,275,Undrafted,,Forward,,,false
861,201577,Robin,Lopez,Robin Lopez,1988-04-01,85,281,2008,,Center,,,false
864,1626168,Trey,Lyles,Trey Lyles,1995-11-05,81,234,2015,,Forward,,,false
865,1630177,Theo,Maledon,Theo Maledon,2001-06-12,76,175,2020,,Guard,,,false
869,1626246,Boban,Marjanovic,Boban Marjanovic,1988-08-15,88,290,Undrafted,,Center,,,false
874,1630231,KJ,Martin,KJ Martin,2001-01-06,78,215,2020,,Forward,,,false
876,1629726,Garrison,Mathews,Garrison Mathews,1996-10-24,77,215,Undrafted,,Guard,,,false
878,202083,Wesley,Matthews,Wesley Matthews,1986-10-14,77,220,Undrafted,,Guard,,,false
880,1630219,Skylar,Mays,Skylar Mays,1997-09-05,75,205,2020,,Guard,,,false
886,1629667,Jalen,McDaniels,Jalen McDaniels,1998-01-31,81,190,2019,,Forward,,,false
888,201580,JaVale,McGee,JaVale McGee,1988-01-19,84,270,2008,,Center-Forward,,,false
890,203585,Rodney,McGruder,Rodney McGruder,1991-07-29,76,205,Undrafted,,Guard,,,false
894,1629002,Chimezie,Metu,Chimezie Metu,1997-03-22,82,225,2018,,Forward-Center,,,false
896,201988,Patty,Mills,Patty Mills,1988-08-11,74,180,2009,,Guard,,,false
897,1629003,Shake,Milton,Shake Milton,1996-09-26,77,205,2018,,Guard,,,false
898,1631303,Justin,Minaya,Justin Minaya,1999-03-26,77,205,Undrafted,,Forward,,,false
903,1630600,Isaiah,Mobley,Isaiah Mobley,1999-09-24,80,238,2022,,Forward,,,false
904,1631320,Chima,Moneke,Chima Moneke,1995-12-24,77,223,Undrafted,,Forward,,,false
907,1629875,Xavier,Moon,Xavier Moon,1995-01-02,72,165,Undrafted,,Guard,,,false
910,202693,Markieff,Morris,Markieff Morris,1989-09-02,81,245,2011,,Forward,,,false
912,202694,Marcus,Morris Sr.,Marcus Morris Sr.,1989-09-02,80,218,2011,,Forward,,,false
917,203488,Mike,Muscala,Mike Muscala,1991-07-01,82,240,2013,,Forward-Center,,,false
922,203526,Raul,Neto,Raul Neto,1992-05-19,74,180,2013,,Guard,,,false
924,1630227,Daishen,Nix,Daishen Nix,2002-02-13,76,238,Undrafted,,Guard,,,false
926,203457,Nerlens,Noel,Nerlens Noel,1994-04-10,82,220,2013,,Center-Forward,,,false
927,1629669,Jaylen,Nowell,Jaylen Nowell,1999-07-09,76,201,2019,,Guard,,,false
928,1628373,Frank,Ntilikina,Frank Ntilikina,1998-07-28,76,200,2017,,Guard,,,false
929,1629134,Kendrick,Nunn,Kendrick Nunn,1995-08-03,75,190,Undrafted,,Guard,,,false
931,1629670,Jordan,Nwora,Jordan Nwora,1998-09-09,80,225,2020,,Forward,,,false
933,1626143,Jahlil,Okafor,Jahlil Okafor,1995-12-15,82,270,2015,,Center-Forward,,,false
934,1629643,Chuma,Okeke,Chuma Okeke,1998-08-18,79,229,2019,,Forward,,,false
938,1629644,KZ,Okpala,KZ Okpala,1999-04-28,80,215,2019,,Forward-Guard,,,false
939,203506,Victor,Oladipo,Victor Oladipo,1992-05-04,75,213,2013,,Guard,,,false
941,1630647,Eugene,Omoruyi,Eugene Omoruyi,1997-02-14,78,235,Undrafted,,Forward,,,false
942,1626224,Cedi,Osman,Cedi Osman,1995-04-08,79,230,2015,,Forward,,,false
945,1626166,Cameron,Payne,Cameron Payne,1994-08-08,74,183,2015,,Guard,,,false
946,203901,Elfrid,Payton,Elfrid Payton,1994-02-22,75,195,2014,,Guard,,,false
948,1629033,Theo,Pinson,Theo Pinson,1995-11-05,79,212,Undrafted,,Guard-Forward,,,false
952,1630197,Aleksej,Pokusevski,Aleksej Pokusevski,2001-12-26,84,210,2020,,Forward,,,false
954,1629007,Jontay,Porter,Jontay Porter,1999-11-15,82,240,Undrafted,,Center-Forward,,,false
957,203490,Otto,Porter Jr.,Otto Porter Jr.,1993-06-03,80,230,2013,,Forward,,,false
960,1630695,Micah,Potter,Micah Potter,1998-04-06,81,248,Undrafted,,Center,,,false
963,1630554,Jason,Preston,Jason Preston,1999-08-10,75,181,2021,,Guard,,,false
964,1630563,Joshua,Primo,Joshua Primo,2002-12-24,76,189,2021,,Guard,,,false
967,1630243,Trevelin,Queen,Trevelin Queen,1997-02-25,77,190,Undrafted,,Guard,,,false
970,1631311,Lester,Quinones,Lester Quinones,2000-11-16,76,208,Undrafted,,Guard,,,false
971,1630186,Jahmi'us,Ramsey,Jahmi'us Ramsey,2001-06-09,75,190,2020,,Guard,,,false
974,1629629,Cam,Reddish,Cam Reddish,1999-09-01,79,217,2019,,Forward-Guard,,,false
975,1628432,Davon,Reed,Davon Reed,1995-06-11,77,206,2017,,Guard,,,false
978,1631197,Jared,Rhoden,Jared Rhoden,1999-08-27,77,210,Undrafted,,Guard,,,false
980,1626196,Josh,Richardson,Josh Richardson,1993-09-15,77,200,2015,,Guard,,,false
981,203085,Austin,Rivers,Austin Rivers,1992-08-01,76,200,2012,,Guard,,,false
983,1629010,Jerome,Robinson,Jerome Robinson,1997-02-22,77,190,2018,,Guard,,,false
987,1629676,Isaiah,Roby,Isaiah Roby,1998-02-03,80,230,2019,,Forward,,,false
988,1631223,David,Roddy,David Roddy,2001-03-27,77,255,2022,,Forward,,,false
990,201565,Derrick,Rose,Derrick Rose,1988-10-04,75,200,2008,,Guard,,,false
991,203082,Terrence,Ross,Terrence Ross,1991-02-05,79,206,2012,,Guard-Forward,,,false
993,201937,Ricky,Rubio,Ricky Rubio,1990-10-21,74,190,2009,,Guard,,,false
995,1630346,Matt,Ryan,Matt Ryan,1997-04-17,78,215,Undrafted,,Forward,,,false
997,1629677,Luka,Samanic,Luka Samanic,2000-01-09,82,227,2019,,Forward,,,false
999,1630846,Olivier,Sarr,Olivier Sarr,1999-02-20,82,240,Undrafted,,Center,,,false
1000,1630648,Jordan,Schakel,Jordan Schakel,1998-06-13,78,200,Undrafted,,Guard,,,false
1001,1629678,Admiral,Schofield,Admiral Schofield,1997-03-30,77,241,2019,,Forward,,,false
1003,1630286,Trevon,Scott,Trevon Scott,1996-11-25,80,225,Undrafted,,Forward,,,false
1004,1630206,Jay,Scrubb,Jay Scrubb,2000-09-01,77,220,2020,,Guard,,,false
1005,1631220,Dereon,Seabron,Dereon Seabron,2000-05-26,77,180,Undrafted,,Guard,,,false
1012,1629735,Chris,Silva,Chris Silva,1996-09-19,80,234,Undrafted,,Forward,,,false
1013,1627732,Ben,Simmons,Ben Simmons,1996-07-20,82,240,2016,,Guard-Forward,,,false
1014,1628424,Kobi,Simmons,Kobi Simmons,1997-07-04,77,180,Undrafted,,Guard,,,false
1015,1630250,Marko,Simonovic,Marko Simonovic,1999-10-15,84,220,2020,,Center,,,false
1017,1630285,Zavier,Simpson,Zavier Simpson,1997-02-11,72,190,Undrafted,,Guard,,,false
1019,1630606,Javonte,Smart,Javonte Smart,1999-06-03,76,205,Undrafted,,Guard,,,false
1022,202397,Ish,Smith,Ish Smith,1988-07-05,72,175,Undrafted,,Guard,,,false
1024,1628372,Dennis,Smith Jr.,Dennis Smith Jr.,1997-11-25,75,205,2017,,Guard,,,false
1026,1630270,Xavier,Sneed,Xavier Sneed,1997-12-21,77,215,Undrafted,,Forward,,,false
1028,1630531,Jaden,Springer,Jaden Springer,2002-09-25,76,202,2021,,Guard,,,false
1029,1630205,Lamar,Stevens,Lamar Stevens,1997-07-09,79,230,Undrafted,,Forward,,,false
1033,1628410,Edmond,Sumner,Edmond Sumner,1995-12-31,76,196,2017,,Guard,,,false
1034,1631306,Cole,Swider,Cole Swider,1999-05-08,80,220,Undrafted,,Forward,,,false
1037,1630678,Terry,Taylor,Terry Taylor,1999-09-23,76,230,Undrafted,,Forward,,,false
1040,1628464,Daniel,Theis,Daniel Theis,1992-04-04,80,245,Undrafted,,Forward-Center,,,false
1042,202738,Isaiah,Thomas,Isaiah Thomas,1989-02-07,69,185,2011,,Guard,,,false
1044,202684,Tristan,Thompson,Tristan Thompson,1991-03-13,81,254,2011,,Center-Forward,,,false
1045,1630550,JT,Thor,JT Thor,2002-08-26,81,203,2021,,Forward,,,false
1048,1630225,Isaiah,Todd,Isaiah Todd,2001-10-17,81,219,2021,,Forward,,,false
1050,1629308,Juan,Toscano-Anderson,Juan Toscano-Anderson,1993-04-10,78,209,Undrafted,,Forward,,,false
1053,200782,P.J.,Tucker,P.J. Tucker,1985-05-05,77,245,2006,,Forward,,,false
1055,1630649,Stanley,Umude,Stanley Umude,1999-04-12,78,210,Undrafted,,Guard,,,false
1061,203943,Noah,Vonleh,Noah Vonleh,1995-08-24,82,257,2014,,Forward,,,false
1066,1630688,Ish,Wainright,Ish Wainright,1994-09-12,77,250,Undrafted,,Forward,,,false
1068,202689,Kemba,Walker,Kemba Walker,1990-05-08,72,184,2011,,Guard,,,false
1069,1629022,Lonnie,Walker IV,Lonnie Walker IV,1998-12-14,76,204,2018,,Guard-Forward,,,false
1070,202322,John,Wall,John Wall,1990-09-06,75,210,2010,,Guard,,,false
1071,203933,T.J.,Warren,T.J. Warren,1993-09-05,80,220,2014,,Forward,,,false
1073,1630613,Duane,Washington Jr.,Duane Washington Jr.,2000-03-24,74,197,Undrafted,,Guard,,,false
1074,1631102,TyTy,Washington Jr.,TyTy Washington Jr.,2001-11-15,75,195,2022,,Guard,,,false
1075,1629139,Yuta,Watanabe,Yuta Watanabe,1994-10-13,81,215,Undrafted,,Guard-Forward,,,false
1083,1631298,Jack,White,Jack White,1997-08-05,78,225,Undrafted,,Forward,,,false
1084,1630580,Joe,Wieskamp,Joe Wieskamp,1999-08-23,78,205,2021,,Guard-Forward,,,false
1087,1629623,Lindell,Wigginton,Lindell Wigginton,1998-03-28,73,189,2019,,Guard,,,false
1088,1631214,Alondes,Williams,Alondes Williams,1999-06-19,76,210,Undrafted,,Guard,,,false
1090,1631495,Donovan,Williams,Donovan Williams,2001-09-06,78,190,Undrafted,,Guard,,,false
1096,1631466,Nate,Williams,Nate Williams,1999-02-12,77,205,Undrafted,,Guard,,,false
1102,1628391,D.J.,Wilson,D.J. Wilson,1996-02-19,82,231,2017,,Forward,,,false
1103,1629685,Dylan,Windler,Dylan Windler,1996-09-22,79,196,2019,,Guard-Forward,,,false
1104,1626159,Justise,Winslow,Justise Winslow,1996-03-26,78,222,2015,,Forward-Guard,,,false
1106,1626174,Christian,Wood,Christian Wood,1995-09-27,80,214,Undrafted,,Forward,,,false
1107,1626153,Delon,Wright,Delon Wright,1992-04-26,77,185,2015,,Guard,,,false
1108,1630593,McKinley,Wright IV,McKinley Wright IV,1998-10-25,71,192,Undrafted,,Guard,,,false
1110,1628221,Gabe,York,Gabe York,1993-08-02,75,190,Undrafted,,Guard,,,false
1111,201152,Thaddeus,Young,Thaddeus Young,1988-06-21,80,225,2007,,Forward,,,false
1113,1630209,Omer,Yurtseven,Omer Yurtseven,1998-06-19,83,275,Undrafted,,Center,,,false
1114,203469,Cody,Zeller,Cody Zeller,1992-10-05,83,240,2013,,Forward-Center,,,false
1116,1628427,Vlatko,Čančar,Vlatko Čančar,1997-04-10,80,236,2017,,Forward,,,false
1125,1641851,Timmy,Allen,Timmy Allen,2000-01-09,78,210,Undrafted,,Forward,,,false
1138,1641735,Amari,Bailey,Amari Bailey,2004-02-17,75,185,2023,,Guard,,,false
1151,1641734,Emoni,Bates,Emoni Bates,2004-01-28,80,202,2023,,Forward,,,false
1158,1631262,Jules,Bernard,Jules Bernard,2000-01-21,78,210,Undrafted,,Guard,,,false
1163,1641931,Onuralp,Bitim,Onuralp Bitim,1999-03-31,78,215,Undrafted,,Forward,,,false
1166,1641778,Leaky,Black,Leaky Black,1999-06-14,78,209,Undrafted,,Forward,,,false
1183,1631167,Izaiah,Brockington,Izaiah Brockington,1999-07-12,76,196,Undrafted,,Guard,,,false
1197,1641723,Kobe,Bufkin,Kobe Bufkin,2003-09-21,76,195,2023,,Guard,,,false
1208,1630618,D.J.,Carton,D.J. Carton,2000-08-05,75,200,Undrafted,,Guard,,,false
1211,1630608,Malcolm,Cazalon,Malcolm Cazalon,2001-08-27,78,185,Undrafted,,Guard,,,false
1230,1641741,Ricky,Council IV,Ricky Council IV,2001-08-03,78,207,Undrafted,,Guard,,,false
1234,1630622,Jalen,Crutcher,Jalen Crutcher,1999-07-18,73,175,Undrafted,,Guard,,,false
1244,1641926,Dexter,Dennis,Dexter Dennis,1999-02-09,77,210,Undrafted,,Guard,,,false
1257,1630929,Henri,Drell,Henri Drell,2000-04-25,81,220,Undrafted,,Forward,,,false
1274,1641745,Adam,Flagler,Adam Flagler,1999-12-01,75,180,Undrafted,,Guard,,,false
1277,1630259,Jordan,Ford,Jordan Ford,1998-05-26,73,175,Undrafted,,Guard,,,false
1281,1631241,Javon,Freeman-Liberty,Javon Freeman-Liberty,1999-10-20,75,190,Undrafted,,Guard,,,false
1282,1641788,Alex,Fudge,Alex Fudge,2003-05-06,80,200,Undrafted,,Forward,,,false
1284,1641847,Andrew,Funk,Andrew Funk,1999-09-21,77,200,Undrafted,,Guard,,,false
1288,1641945,Jaylin,Galloway,Jaylin Galloway,2002-12-21,78,190,Undrafted,,Forward,,,false
1293,1629232,Kaiser,Gates,Kaiser Gates,1996-11-08,79,225,2018,,Forward,,,false
1319,1631338,Mouhamadou,Gueye,Mouhamadou Gueye,1998-07-06,81,210,Undrafted,,Forward,,,false
1349,1641793,D'Moi,Hodge,D'Moi Hodge,1998-12-20,75,188,Undrafted,,Guard,,,false
1355,1641720,Jalen,Hood-Schifino,Jalen Hood-Schifino,2003-06-19,77,210,2023,,Guard,,,false
1364,1630562,Matt,Hurt,Matt Hurt,2000-04-20,81,233,Undrafted,,Forward,,,false
1391,1641749,Keyontae,Johnson,Keyontae Johnson,2000-05-24,76,230,2023,,Forward,,,false
1429,1641721,Maxwell,Lewis,Maxwell Lewis,2002-07-27,79,215,2023,,Forward,,,false
1443,1641754,Seth,Lundy,Seth Lundy,2000-04-02,76,220,2023,,Guard-Forward,,,false
1454,1641798,Jaylen,Martin,Jaylen Martin,2004-01-28,78,216,Undrafted,,Guard,,,false
1473,1641877,Nathan,Mensah,Nathan Mensah,1998-04-09,81,230,Undrafted,,Center,,,false
1476,203995,Vasilije,Micic,Vasilije Micic,1994-01-13,75,188,2014,,Guard,,,false
1492,1631386,Taze,Moore,Taze Moore,1998-06-29,77,195,Undrafted,,Guard,,,false
1513,1641806,Markquis,Nowell,Markquis Nowell,1999-12-25,67,160,Undrafted,,Guard,,,false
1531,1641970,Maozinha,Pereira,Maozinha Pereira,2000-08-28,80,177,Undrafted,,Forward,,,false
1533,1630196,Filip,Petrusev,Filip Petrusev,2000-04-15,83,225,2021,,Center,,,false
1585,1631257,Jermaine,Samuels Jr.,Jermaine Samuels Jr.,1998-11-13,78,230,Undrafted,,Forward,,,false
1586,1641766,Adama,Sanogo,Adama Sanogo,2002-02-12,81,245,Undrafted,,Forward,,,false
1608,1631376,Dmytro,Skapintsev,Dmytro Skapintsev,1998-05-12,85,215,Undrafted,,Center,,,false
1609,1641771,Jalen,Slawson,Jalen Slawson,1999-10-22,79,215,2023,,Forward,,,false
1615,1631173,Terquavion,Smith,Terquavion Smith,2002-12-31,76,160,Undrafted,,Guard,,,false
1657,1628426,Sasha,Vezenkov,Sasha Vezenkov,1995-08-06,80,225,2017,,Forward,,,false
1684,1641727,Dariq,Whitehead,Dariq Whitehead,2004-08-01,78,220,2023,,Guard-Forward,,,false
1695,1642013,Malik,Williams,Malik Williams,1998-08-26,83,250,Undrafted,,Center,,,false
1707,1631209,Isaiah,Wong,Isaiah Wong,2001-01-28,75,185,2023,,Guard,,,false
1732,1642379,Taran,Armstrong,Taran Armstrong,2002-01-15,77,190,Undrafted,,Guard,,,false
1735,1630542,Marcus,Bagley,Marcus Bagley,2001-10-23,78,217,Undrafted,,Forward,,,false
1752,1641878,Damion,Baugh,Damion Baugh,2000-08-03,76,194,Undrafted,,Guard,,,false
1756,1641736,Reece,Beekman,Reece Beekman,2001-10-08,75,190,Undrafted,,Guard,,,false
1773,1641779,Jalen,Bridges,Jalen Bridges,2001-05-14,80,225,Undrafted,,Forward,,,false
1779,1631232,Keion,Brooks Jr.,Keion Brooks Jr.,2000-08-07,79,210,Undrafted,,Forward,,,false
1807,1642279,Ulrich,Chomche,Ulrich Chomche,2005-12-30,83,235,2024,,Center,,,false
1821,1641879,Yuri,Collins,Yuri Collins,2001-03-07,72,190,Undrafted,,Guard,,,false
1831,1642385,Cui,Cui,Cui Cui,2003-05-28,77,190,Undrafted,,Forward,,,false
1857,1642505,Alex,Ducas,Alex Ducas,2000-12-11,79,220,Undrafted,,Guard,,,false
1866,1642399,Jesse,Edwards,Jesse Edwards,2000-03-18,84,236,Undrafted,,Center,,,false
1902,1641789,Jazian,Gortman,Jazian Gortman,2003-04-14,74,184,Undrafted,,Guard,,,false
1983,1641794,Dillon,Jones,Dillon Jones,2001-10-29,77,235,2024,,Forward,,,false
1996,1642530,Yuki,Kawamura,Yuki Kawamura,2001-05-02,67,159,Undrafted,,Guard,,,false
1998,1630283,Kylor,Kelley,Kylor Kelley,1997-08-26,84,215,Undrafted,,Center,,,false
2024,1642502,Malevy,Leons,Malevy Leons,1999-09-23,81,210,Undrafted,,Forward,,,false
2062,1629098,Jack,McVeigh,Jack McVeigh,1996-06-27,80,215,Undrafted,,Guard-Forward,,,false
2100,1641803,Tristen,Newton,Tristen Newton,2001-04-26,77,190,2024,,Guard,,,false
2104,1641936,Miles,Norris,Miles Norris,2000-04-15,79,220,Undrafted,,Forward,,,false
2113,1642439,Quincy,Olivari,Quincy Olivari,2001-05-27,75,200,Undrafted,,Guard,,,false
2141,1642389,Zyon,Pullin,Zyon Pullin,2001-03-03,76,206,Undrafted,,Guard,,,false
2151,1642024,Alex,Reese,Alex Reese,1999-05-21,81,245,Undrafted,,Forward-Center,,,false
2158,1641857,Liam,Robbins,Liam Robbins,1999-07-12,84,250,Undrafted,,Center,,,false
2195,1631301,Jaylen,Sims,Jaylen Sims,1998-12-11,78,210,Undrafted,,Guard,,,false
2201,1641890,Tyler,Smith,Tyler Smith,2004-11-02,81,224,2024,,Forward,,,false
2224,1630679,Ethan,Thompson,Ethan Thompson,1999-05-04,76,195,Undrafted,,Guard,,,false
2230,1631166,Drew,Timme,Drew Timme,2000-09-09,81,235,Undrafted,,Forward,,,false
2236,1642422,Armel,Traore,Armel Traore,2003-01-23,81,245,Undrafted,,Forward,,,false
2267,1641817,Anton,Watson,Anton Watson,2000-10-06,80,225,2024,,Forward,,,false
2272,1630762,Phillip,Wheeler,Phillip Wheeler,2002-04-23,80,185,Undrafted,,Forward,,,false
2324,1642380,Adama,Bal,Adama Bal,2003-12-18,79,190,Undrafted,,Guard,,,false
2363,1642468,Darius,Brown,Darius Brown,1999-07-28,74,192,Undrafted,,Guard,,,false
2370,1631174,Tyler,Burton,Tyler Burton,2000-02-11,79,215,Undrafted,,Forward,,,false
2445,1642400,Tristan,Enaruna,Tristan Enaruna,2001-06-26,79,220,Undrafted,,Forward,,,false
2462,1643158,Andersson,Garcia,Andersson Garcia,2000-08-23,79,220,Undrafted,,Forward,,,false
2471,1642933,Keshon,Gilbert,Keshon Gilbert,2003-06-30,76,200,Undrafted,,Guard,,,false
2482,1643060,Hayden,Gray,Hayden Gray,2003-05-11,76,190,Undrafted,,Guard,,,false
2516,1642396,Blake,Hinson,Blake Hinson,1999-12-26,80,230,Undrafted,,Forward,,,false
2557,1643052,Chaney,Johnson,Chaney Johnson,2002-06-20,79,220,Undrafted,,Guard-Forward,,,false
2582,1643257,Jayson,Kent,Jayson Kent,2002-02-03,80,215,Undrafted,,Forward,,,false
2626,1642942,Jahmai,Mashack,Jahmai Mashack,2002-11-10,76,203,2025,,Guard,,,false
2632,1643016,Bez,Mbeng,Bez Mbeng,2003-05-02,76,185,Undrafted,,Guard,,,false
2662,1631457,Alex,Morales,Alex Morales,1997-11-21,78,210,Undrafted,,Guard,,,false
2674,1641761,Grant,Nelson,Grant Nelson,2002-03-18,84,215,Undrafted,,Forward,,,false
2684,1642490,Josh,Oduro,Josh Oduro,2000-10-14,81,240,Undrafted,,Center,,,false
2685,1643253,Toby,Okani,Toby Okani,2001-10-05,80,210,Undrafted,,Forward,,,false
2691,1641807,Norchad,Omier,Norchad Omier,2001-08-28,79,248,Undrafted,,Forward,,,false
2697,1642951,Sean,Pedulla,Sean Pedulla,2002-10-10,73,195,Undrafted,,Guard,,,false
2716,1642967,John,Poulakidas,John Poulakidas,2003-04-04,78,205,Undrafted,,Guard,,,false
2733,1642882,Julian,Reese,Julian Reese,2003-06-30,81,230,Undrafted,,Forward,,,false
2739,1642955,Kadary,Richmond,Kadary Richmond,2001-08-25,78,205,Undrafted,,Guard,,,false
2750,1642504,Cormac,Ryan,Cormac Ryan,1998-10-26,77,205,Undrafted,,Guard,,,false
2755,1642362,Payton,Sandfort,Payton Sandfort,2002-07-12,79,215,Undrafted,,Forward,,,false
2786,1641869,Malachi,Smith,Malachi Smith,1999-12-06,76,205,Undrafted,,Guard,,,false
2872,1631351,Lucas,Williamson,Lucas Williamson,1999-01-28,76,205,Undrafted,,Guard,,,false